Time(s),Thrust(N)
0,0
0.03,22057.99154
0.06,22074.61868
0.09,22091.21853
0.12,22107.21285
0.15,22118.67181
0.18,22130.09699
0.21,22095.54811
0.24,22105.36075
0.27,22115.33037
0.3,22124.71513
0.33,22133.99274
0.36,22142.5061
0.39,22105.67774
0.42,22114.16269
0.45,22122.46497
0.48,22130.54807
0.51,22138.47546
0.54,22146.33589
0.57,22154.10735
0.6,22161.70258
0.63,22169.3157
0.66,22176.87815
0.69,22184.32344
0.72,22191.7177
0.75,22199.00756
0.78,22206.31576
0.81,22213.60275
0.84,22220.77781
0.87,22227.97172
0.9,22235.09687
0.93,22242.19784
0.96,22249.27515
0.99,22256.32044
1.02,22263.36111
1.05,22270.38653
1.08,22277.34644
1.11,22284.31918
1.14,22291.25916
1.17,22298.20833
1.2,22305.13522
1.23,22312.02224
1.26,22318.92912
1.29,22325.80765
1.32,22332.662
1.35,22339.99228
1.38,22347.34249
1.41,22354.68428
1.44,22360.97414
1.47,22367.21165
1.5,22373.49334
1.53,22380.73828
1.56,22387.96728
1.59,22395.08416
1.62,22401.21421
1.65,22407.34742
1.68,22413.62288
1.71,22375.94449
1.74,22383.07801
1.77,22389.9589
1.8,22396.00184
1.83,22402.03399
1.86,22408.33743
1.89,22370.64452
1.92,22377.68107
1.95,22384.34004
1.98,22390.2978
2.01,22396.23245
2.04,22402.57827
2.07,22409.51935
2.1,22416.4451
2.13,22422.87662
2.16,22428.7261
2.19,22434.56255
2.22,22440.93226
2.25,22447.77162
2.28,22454.60818
2.31,22460.80269
2.34,22466.5417
2.37,22472.27842
2.4,22478.66062
2.43,22485.39942
2.46,22492.1257
2.49,22498.08733
2.52,22503.73212
2.55,22509.36009
2.58,22515.76789
2.61,22522.40911
2.64,22529.03075
2.67,22534.76594
2.7,22540.30486
2.73,22545.8287
2.76,22552.26319
2.79,22558.79178
2.82,22565.31105
2.85,22570.81134
2.88,22576.24391
2.91,22581.68135
2.94,22588.11907
2.97,22594.54406
3.0,22556.52602
3.03,22561.88092
3.06,22567.22815
3.09,22572.70145
3.12,22579.04917
3.15,22585.39176
3.18,22547.21198
3.21,22552.48266
3.24,22557.74398
3.27,22563.09024
3.3,22568.7194
3.33,22574.33576
3.36,22580.00973
3.39,22585.83316
3.42,22591.63804
3.45,22597.48501
3.48,22603.40472
3.51,22609.309
3.54,22615.20539
3.57,22621.08607
3.6,22626.957
3.63,22632.80651
3.66,22638.62923
3.69,22644.44198
3.72,22650.1733
3.75,22655.8346
3.78,22661.48964
3.81,22667.04719
3.84,22672.54519
3.87,22678.03366
3.9,22683.38467
3.93,22688.66933
3.96,22693.94082
3.99,22699.08372
4.02,22704.17588
4.05,22709.25366
4.08,22714.15709
4.11,22675.03071
4.14,22679.87982
4.17,22684.5922
4.2,22689.26999
4.23,22693.93709
4.26,22698.4434
4.29,22659.00508
4.32,22663.48613
4.35,22667.85544
4.38,22672.21177
4.41,22676.55333
4.44,22680.7757
4.47,22684.98745
4.5,22689.18746
4.53,22693.3471
4.56,22697.49821
4.59,22701.62944
4.62,22705.71358
4.65,22709.78831
4.68,22713.85852
4.71,22717.94937
4.74,22722.02872
4.77,22726.11122
4.8,22730.22053
4.83,22734.31801
4.86,22738.44667
4.89,22742.64627
4.92,22746.83176
4.95,22751.04189
4.98,22755.28954
5.01,22759.52583
5.04,22763.82798
5.07,22768.20226
5.1,22772.56641
5.13,22733.36192
5.16,22737.84822
5.19,22742.32415
5.22,22746.88993
5.25,22751.51247
5.28,22756.12611
5.31,22717.23304
5.34,22721.94793
5.37,22726.6518
5.4,22731.44852
5.43,22736.27687
5.46,22741.09324
5.49,22745.93924
5.52,22750.78669
5.55,22755.62166
5.58,22760.48316
5.61,22765.34184
5.64,22770.18765
5.67,22774.96539
5.7,22779.72351
5.73,22784.47144
5.76,22789.09183
5.79,22793.69488
5.82,22798.28235
5.85,22802.56857
5.88,22806.8434
5.91,22811.12768
5.94,22815.62985
5.97,22820.12079
6.0,22824.56426
6.03,22828.76084
6.06,22789.63777
6.09,22793.67164
6.12,22797.08664
6.15,22800.49092
6.18,22804.19384
6.21,22808.76869
6.24,22770.08479
6.27,22774.3781
6.3,22778.09125
6.33,22781.79275
6.36,22785.90907
6.39,22790.70627
6.42,22795.49064
6.45,22799.85131
6.48,22803.68001
6.51,22807.4973
6.54,22811.83831
6.57,22816.69435
6.6,22821.53942
6.63,22825.82489
6.66,22829.67305
6.69,22833.51074
6.72,22837.95405
6.75,22842.75538
6.78,22847.54741
6.81,22851.61524
6.84,22855.34634
6.87,22859.06677
6.9,22863.49034
6.93,22825.13539
6.96,22829.79062
6.99,22833.5841
7.02,22837.16477
7.05,22840.73276
7.08,22845.09014
7.11,22806.60962
7.14,22811.07651
7.17,22814.52712
7.2,22817.88786
7.23,22821.23776
7.26,22825.47549
7.29,22829.711
7.32,22833.88168
7.35,22837.00842
7.38,22840.12287
7.41,22843.32942
7.44,22847.33989
7.47,22851.3396
7.5,22855.14583
7.53,22858.05237
7.56,22860.9492
7.59,22864.04793
7.62,22867.84292
7.65,22871.62762
7.68,22875.09106
7.71,22877.79705
7.74,22837.7595
7.77,22840.79047
7.8,22844.42892
7.83,22848.05536
7.86,22851.24779
7.89,22853.83225
7.92,22813.73263
7.95,22816.77583
7.98,22820.32792
8.01,22823.86883
8.04,22826.87642
8.07,22829.41904
8.1,22831.95072
8.13,22835.09091
8.16,22838.63704
8.19,22842.17346
8.22,22845.10025
8.25,22847.70378
8.28,22850.29741
8.31,22853.6702
8.34,22857.3439
8.37,22861.00642
8.4,22864.00974
8.43,22866.81856
8.46,22869.61566
8.49,22873.39339
8.52,22834.8854
8.55,22838.84077
8.58,22842.10456
8.61,22845.28146
8.64,22848.44684
8.67,22851.32074
8.7,22811.76694
8.73,22814.62288
8.76,22817.72904
8.79,22820.82349
8.82,22823.8847
8.85,22826.68002
8.88,22829.464
8.91,22832.21965
8.94,22834.85248
8.97,22837.47501
9.0,22840.07171
9.03,22842.59877
9.06,22845.1157
9.09,22847.63121
9.12,22850.16537
9.15,22852.68866
9.18,22855.22128
9.21,22857.78703
9.24,22818.12334
9.27,22820.73385
9.3,22823.4251
9.33,22826.10398
9.36,22828.82476
9.39,22831.59959
9.42,22792.20583
9.45,22795.05114
9.48,22797.96454
9.51,22800.86704
9.54,22803.83217
9.57,22806.84129
9.6,22809.83972
9.63,22812.93458
9.66,22816.08084
9.69,22819.21703
9.72,22822.41179
9.75,22825.62753
9.78,22828.83262
9.81,22832.09622
9.84,22835.3728
9.87,22838.6381
9.9,22841.92687
9.93,22803.23134
9.96,22806.51637
9.99,22809.83091
10.02,22813.14088
10.05,22816.43893
10.08,22819.68712
10.11,22781.00085
10.14,22784.23414
10.17,22786.80441
10.2,22789.35873
10.23,22791.96439
10.26,22795.64285
10.29,22799.31006
10.32,22802.85334
10.35,22805.51246
10.38,22808.1604
10.41,22810.95232
10.44,22814.45729
10.47,22817.95179
10.5,22821.15646
10.53,22823.44907
10.56,22825.73094
10.59,22786.46132
10.62,22789.45593
10.65,22792.43977
10.68,22794.95125
10.71,22796.62452
10.74,22798.28691
10.77,22758.52166
10.8,22760.8358
10.83,22763.13829
10.86,22764.81991
10.89,22765.82785
10.92,22766.82444
10.95,22768.18966
10.98,22769.86697
11.01,22771.53312
11.04,22772.4854
11.07,22772.95902
11.1,22773.42164
11.13,22774.44616
11.16,22775.75178
11.19,22777.04705
11.22,22736.09211
11.25,22736.40732
11.28,22736.71174
11.31,22737.88376
11.34,22739.28822
11.37,22740.68181
11.4,22700.05267
11.43,22700.80257
11.46,22701.54106
11.49,22702.23595
11.52,22702.91703
11.55,22703.58635
11.58,22704.28658
11.61,22704.97704
11.64,22705.65673
11.67,22706.33736
11.7,22707.00667
11.73,22707.67687
11.76,22708.46059
11.79,22709.2328
11.82,22710.00762
11.85,22669.5233
11.88,22670.36171
11.91,22671.22594
11.94,22672.21518
11.97,22673.19382
12.0,22674.19205
12.03,22634.00015
12.06,22635.07004
12.09,22636.18894
12.12,22637.4192
12.15,22638.63889
12.18,22639.88627
12.21,22641.1843
12.24,22642.47136
12.27,22643.81711
12.3,22645.23776
12.33,22646.64661
12.36,22648.07385
12.39,22649.51782
12.42,22609.82204
12.45,22611.28151
12.48,22612.74993
12.51,22614.20717
12.54,22615.6036
12.57,22616.95927
12.6,22577.23742
12.63,22578.51396
12.66,22579.74911
12.69,22580.97397
12.72,22581.9639
12.75,22582.87092
12.78,22583.76715
12.81,22584.34637
12.84,22584.84638
12.87,22585.33536
12.9,22586.65587
12.93,22588.08361
12.96,22589.49965
12.99,22589.97265
13.02,22549.45096
13.05,22549.8508
13.08,22551.19265
13.11,22552.52377
13.14,22553.78457
13.17,22513.23505
13.2,22513.55592
13.23,22513.98289
13.26,22515.24783
13.29,22516.50125
13.32,22517.56418
13.35,22517.80504
13.38,22518.03496
13.41,22518.48725
13.44,22519.65466
13.47,22520.81156
13.5,22521.66028
13.53,22521.81673
13.56,22481.22458
13.59,22481.721
13.62,22482.82018
13.65,22483.90869
13.68,22484.83065
13.71,22485.5329
13.74,22445.54743
13.77,22446.10222
13.8,22446.50343
13.83,22446.89302
13.86,22446.87872
13.89,22446.52773
13.92,22446.16558
13.95,22446.48604
13.98,22447.24204
14.01,22447.98709
14.04,22448.18541
14.07,22448.10665
14.1,22407.46431
14.13,22408.16319
14.16,22409.14302
14.19,22410.11223
14.22,22410.37374
14.25,22410.44031
14.28,22370.00434
14.31,22370.89472
14.34,22371.91997
14.37,22372.93402
14.4,22373.08661
14.43,22373.14715
14.46,22373.19615
14.49,22374.17623
14.52,22375.17095
14.55,22376.1204
14.58,22376.10182
14.61,22335.69343
14.64,22335.75016
14.67,22336.62357
14.7,22337.48576
14.73,22338.17648
14.76,22337.98886
14.79,22297.47306
14.82,22297.46685
14.85,22298.14487
14.88,22298.81207
14.91,22299.1793
14.94,22298.78532
14.97,22298.38055
15.0,22298.26125
15.03,22298.70923
15.06,22299.14633
15.09,22299.16319
15.12,22258.35197
15.15,22257.74406
15.18,22257.5189
15.21,22257.74385
15.24,22257.95751
15.27,22257.62042
15.3,22216.63586
15.33,22215.79264
15.36,22215.45883
15.39,22215.48604
15.42,22215.5022
15.45,22214.85274
15.48,22213.8301
15.51,22212.7964
15.54,22212.39566
15.57,22212.25289
15.6,22212.09936
15.63,22171.15524
15.66,22170.01048
15.69,22168.85488
15.72,22168.48177
15.75,22168.2639
15.78,22168.03511
15.81,22126.98679
15.84,22125.79962
15.87,22124.60143
15.9,22124.35002
15.93,22124.13946
15.96,22123.90882
15.99,22122.81222
16.02,22121.70461
16.05,22120.66151
16.08,22120.59562
16.11,22080.65346
16.14,22080.46921
16.17,22079.57441
16.2,22078.66832
16.23,22077.97421
16.26,22078.20034
16.29,22038.61163
16.32,22038.64652
16.35,22038.14295
16.38,22037.62848
16.41,22037.00595
16.44,22036.16118
16.47,22035.30557
16.5,22034.30396
16.53,22033.06765
16.56,22031.82061
16.59,21991.27519
16.62,21990.96207
16.65,21990.6382
16.68,21989.81821
16.71,21988.49988
16.74,21987.17025
16.77,21946.71904
16.8,21946.32272
16.83,21945.91511
16.86,21944.91071
16.89,21943.5373
16.92,21942.15265
16.95,21941.38005
16.98,21940.88686
17.01,21940.38255
17.04,21899.60262
17.07,21898.1199
17.1,21896.62648
17.13,21895.87532
17.16,21895.29671
17.19,21894.70735
17.22,21853.79979
17.25,21852.24888
17.28,21850.68713
17.31,21849.96061
17.34,21849.29081
17.37,21848.60984
17.4,21846.97149
17.43,21845.31048
17.46,21843.6838
17.49,21803.55067
17.52,21802.80977
17.55,21801.95259
17.58,21800.23191
17.61,21798.49996
17.64,21796.91652
17.67,21756.76475
17.7,21755.94332
17.73,21754.89399
17.76,21753.11501
17.79,21751.32477
17.82,21749.79321
17.85,21748.89915
17.88,21747.99432
17.91,21746.73859
17.94,21705.6134
17.97,21703.72679
18.0,21702.21675
18.03,21701.24075
18.06,21700.25409
18.09,21698.81185
18.12,21657.694
18.15,21655.75302
18.18,21654.28897
18.21,21653.23345
18.24,21652.16652
18.27,21650.53819
18.3,21648.53082
18.33,21646.51221
18.36,21605.98571
18.39,21604.86139
18.42,21603.7259
18.45,21601.8916
18.48,21599.78064
18.51,21597.65883
18.54,21557.21299
18.57,21555.99979
18.6,21554.77591
18.63,21552.74447
18.66,21550.55531
18.69,21548.35525
18.72,21546.97814
18.75,21545.67714
18.78,21544.36519
18.81,21503.16821
18.84,21500.88037
18.87,21498.60725
18.9,21497.22286
18.93,21495.82764
18.96,21455.44853
18.99,21453.12172
19.02,21450.78368
19.05,21448.57062
19.08,21447.11255
19.11,21445.64322
19.14,21443.96326
19.17,21441.53036
19.2,21400.27794
19.23,21398.08742
19.26,21396.56117
19.29,21395.02392
19.32,21393.15881
19.35,21390.65216
19.38,21349.38802
19.41,21347.23257
19.44,21345.61936
19.47,21343.9953
19.5,21341.93085
19.53,21339.34634
19.56,21336.75098
19.59,21334.62753
19.62,21294.27683
19.65,21292.58995
19.68,21290.33535
19.71,21287.6671
19.74,21284.98755
19.77,21282.88942
19.8,21242.50799
19.83,21240.72888
19.86,21238.27697
19.89,21235.53427
19.92,21232.78047
19.95,21230.71089
19.98,21228.84428
20.01,21188.43546
20.04,21185.78637
20.07,21182.96348
20.1,21180.12976
20.13,21178.09475
20.16,21176.15181
20.19,21135.72805
20.22,21132.88534
20.25,21129.98356
20.28,21127.07985
20.31,21125.05174
20.34,21123.01288
20.37,21120.89634
20.4,21079.50872
20.43,21076.51848
20.46,21073.63923
20.49,21071.54563
20.52,21069.44091
20.55,21067.14378
20.58,21025.74763
20.61,21022.68715
20.64,21019.84616
20.67,21017.6643
20.7,21015.4712
20.73,21012.9762
20.76,21009.84418
20.79,20968.4364
20.82,20965.64034
20.85,20963.40273
20.88,20961.1542
20.91,20958.49021
20.94,20955.30145
20.97,20913.89849
21.0,20911.13869
21.03,20908.80496
21.06,20906.46047
21.09,20903.59748
21.12,20900.33083
21.15,20897.05313
21.18,20856.1899
21.21,20853.79164
21.24,20851.38219
21.27,20848.33239
21.3,20844.9845
21.33,20841.62548
21.36,20800.85878
21.39,20798.38784
21.42,20795.90571
21.45,20792.65493
21.48,20789.21494
21.51,20785.76404
21.54,20783.07149
21.57,20742.48306
21.6,20739.89227
21.63,20736.43709
21.66,20732.90965
21.69,20729.37137
21.72,20688.76798
21.75,20686.11569
21.78,20683.40031
21.81,20679.79953
21.84,20676.18804
21.87,20672.67128
21.9,20669.93615
21.93,20629.31484
21.96,20626.40277
21.99,20622.72562
22.02,20619.03737
22.05,20615.55438
22.08,20612.74089
22.11,20572.10244
22.14,20568.99655
22.17,20565.23462
22.2,20561.46138
22.23,20558.01192
22.26,20555.13396
22.29,20514.49277
22.32,20511.21514
22.35,20507.40427
22.38,20503.58246
22.41,20500.18015
22.44,20497.21819
22.47,20456.55466
22.5,20453.06515
22.53,20449.14232
22.56,20445.20868
22.59,20441.83494
22.62,20438.81321
22.65,20398.15102
22.68,20394.49649
22.71,20390.52985
22.74,20386.55197
22.77,20383.2203
22.8,20380.11447
22.83,20339.42964
22.86,20335.58365
22.89,20331.54084
22.92,20327.48695
22.95,20324.17682
22.98,20283.46293
23.01,20280.26512
23.04,20276.20633
23.07,20272.06308
23.1,20267.90896
23.13,20264.61733
23.16,20223.87538
23.19,20220.54838
23.22,20216.3536
23.25,20212.148
23.28,20208.02395
23.31,20204.67009
23.34,20163.91185
23.37,20160.39433
23.4,20156.11315
23.43,20151.8209
23.46,20147.72651
23.49,20144.32194
23.52,20103.57407
23.55,20099.89175
23.58,20095.55278
23.61,20091.20253
23.64,20087.14357
23.67,20046.34525
23.7,20042.827
23.73,20038.92867
23.76,20034.49934
23.79,20030.05915
23.82,20026.02976
23.85,19985.23157
23.88,19981.65223
23.91,19977.57062
23.94,19973.05827
23.97,19968.53512
24.0,19964.5289
24.03,19923.70408
24.06,19920.03656
24.09,19915.77516
24.12,19911.20704
24.15,19906.62767
24.18,19865.55496
24.21,19861.82493
24.24,19858.08373
24.27,19853.61871
24.3,19848.94996
24.33,19844.27004
24.36,19803.28954
24.39,19799.48756
24.42,19795.67462
24.45,19791.04538
24.48,19786.32649
24.51,19781.59675
24.54,19740.70633
24.57,19736.82195
24.6,19732.895
24.63,19728.0921
24.66,19723.27823
24.69,19681.60723
24.72,19677.66964
24.75,19673.72118
24.78,19669.61522
24.81,19664.72659
24.84,19622.94559
24.87,19618.24344
24.9,19614.22745
24.93,19610.20033
24.96,19605.91312
24.99,19564.15572
25.02,19559.22769
25.05,19554.58576
25.08,19550.49514
25.11,19546.39335
25.14,19541.90618
25.17,19500.09566
25.2,19495.05311
25.23,19490.42381
25.26,19486.26153
25.29,19482.08835
25.32,19440.70754
25.35,19435.6225
25.38,19430.52647
25.41,19425.93952
25.44,19421.69632
25.47,19417.44223
25.5,19375.92587
25.53,19370.75373
25.56,19365.57058
25.59,19360.99563
25.62,19320.03679
25.65,19315.69222
25.68,19310.64185
25.71,19305.38571
25.74,19300.11848
25.77,19295.56484
25.8,19254.58118
25.83,19250.15033
25.86,19244.91247
25.89,19239.58041
25.92,19234.23738
25.95,19193.2032
25.98,19188.69802
26.01,19184.15501
26.04,19178.73602
26.07,19173.306
26.1,19167.94628
26.13,19126.93208
26.16,19122.35814
26.19,19117.63715
26.22,19112.16133
26.25,19070.27448
26.28,19064.97561
26.31,19060.34645
26.34,19055.70634
26.37,19050.80895
26.4,19045.26598
26.43,19003.37332
26.46,18998.11489
26.49,18993.41631
26.52,18988.70664
26.55,18947.32884
26.58,18941.71861
26.61,18936.09716
26.64,18930.86613
26.67,18926.08274
26.7,18921.28832
26.73,18879.79002
26.76,18874.12047
26.79,18868.43996
26.82,18863.25096
26.85,18822.20254
26.88,18817.34879
26.91,18811.90436
26.94,18806.14202
26.97,18800.36884
27.0,18795.20154
27.03,18754.13371
27.06,18749.19899
27.09,18743.58974
27.12,18737.78124
27.15,18695.86859
27.18,18690.75674
27.21,18685.76755
27.24,18680.7672
27.27,18674.95952
27.3,18669.05616
27.33,18627.11012
27.36,18622.01507
27.39,18616.93728
27.42,18611.82295
27.45,18569.84863
27.48,18563.86398
27.51,18557.9471
27.54,18552.79964
27.57,18547.64112
27.6,18542.33934
27.63,18500.37074
27.66,18494.33051
27.69,18488.46252
27.72,18447.34693
27.75,18442.12926
27.78,18436.65357
27.81,18430.53023
27.84,18424.39592
27.87,18418.5444
27.9,18377.41058
27.93,18372.11299
27.96,18366.455
27.99,18360.27222
28.02,18318.28214
28.05,18312.48762
28.08,18307.1384
28.11,18301.77796
28.14,18295.92945
28.17,18289.64657
28.2,18247.61801
28.23,18241.82748
28.26,18236.37211
28.29,18195.20179
28.32,18189.18289
28.35,18182.86273
28.38,18176.53168
28.41,18170.79061
28.44,18165.27442
28.47,18124.10475
28.5,18117.90029
28.53,18111.49523
28.56,18069.46711
28.59,18063.75709
28.62,18058.16711
28.65,18052.56594
28.68,18046.17285
28.71,18039.68826
28.74,17997.64205
28.77,17991.95197
28.8,17986.2763
28.83,17980.56202
28.86,17938.49847
28.89,17931.94345
28.92,17925.45944
28.95,17919.74432
28.98,17914.01812
29.01,17908.14186
29.04,17866.0641
29.07,17859.43365
29.1,17852.97744
29.13,17811.74629
29.16,17805.9319
29.19,17799.86257
29.22,17793.16639
29.25,17786.45931
29.28,17780.03964
29.31,17738.81607
29.34,17732.94768
29.37,17726.72003
29.4,17684.65412
29.43,17677.91268
29.46,17671.56073
29.49,17665.64496
29.52,17659.71803
29.55,17653.31619
29.58,17611.23697
29.61,17604.42075
29.64,17598.08609
29.67,17556.83731
29.7,17550.82109
29.73,17544.24251
29.76,17537.37069
29.79,17530.4879
29.82,17524.2029
29.85,17482.96649
29.88,17476.90117
29.91,17434.98944
29.94,17428.044
29.97,17421.08755
30.0,17414.80609
30.03,17408.63415
30.06,17402.45104
30.09,17360.40529
30.12,17353.37689
30.15,17346.33736
30.18,17305.03001
30.21,17298.80019
30.24,17292.52564
30.27,17285.43431
30.3,17278.33183
30.33,17271.30252
30.36,17229.99576
30.39,17223.68594
30.42,17217.22462
30.45,17175.08061
30.48,17167.90302
30.51,17160.90464
30.54,17154.53341
30.57,17148.15114
30.6,17141.51713
30.63,17099.38475
30.66,17092.15741
30.69,17050.32642
30.72,17043.90972
30.75,17037.48207
30.78,17030.68732
30.81,17023.38873
30.84,17016.07908
30.87,16974.3272
30.9,16967.81968
30.93,16961.30108
30.96,16919.5332
30.99,16912.18775
31.02,16904.83117
31.05,16897.96273
31.08,16891.40345
31.11,16884.83305
31.14,16842.95296
31.17,16835.52775
31.2,16793.38006
31.23,16786.53679
31.26,16779.89551
31.29,16773.24319
31.32,16765.91516
31.35,16758.40913
31.38,16716.2421
31.41,16709.4245
31.44,16668.0777
31.47,16661.3598
31.5,16653.85519
31.53,16646.27775
31.56,16638.68917
31.59,16631.91333
31.62,16590.56698
31.65,16583.7433
31.68,16576.11069
31.71,16533.92951
31.74,16526.37603
31.77,16519.50185
31.8,16512.61654
31.83,16505.56892
31.86,16497.82134
31.89,16455.58647
31.92,16448.0344
31.95,16406.65977
31.98,16399.74008
32.01,16392.55509
32.04,16384.78521
32.07,16377.00425
32.1,16369.51288
32.13,16328.12637
32.16,16321.13344
32.19,16279.38764
32.22,16271.53574
32.25,16263.6729
32.28,16256.21021
32.31,16249.15134
32.34,16242.08143
32.37,16200.2275
32.4,16192.32569
32.43,16150.12067
32.46,16142.71102
32.49,16135.59266
32.52,16128.46312
32.55,16120.76956
32.58,16112.81511
32.61,16070.61891
32.64,16063.23029
32.67,16021.81013
32.7,16014.59949
32.73,16006.71179
32.76,15998.66308
32.79,15990.60336
32.82,15983.25339
32.85,15941.84174
32.88,15934.57823
32.91,15892.40076
32.94,15884.3049
32.97,15876.20393
33.0,15868.86816
33.03,15861.52147
33.06,15820.02752
33.09,15811.84531
33.12,15769.59517
33.15,15761.51127
33.18,15754.1211
33.21,15746.71988
33.24,15739.14709
33.27,15730.91806
33.3,15688.68237
33.33,15680.64408
33.36,15639.18775
33.39,15631.70559
33.42,15623.96044
33.45,15615.68528
33.48,15607.39907
33.51,15599.40797
33.54,15557.96916
33.57,15550.4432
33.6,15508.65042
33.63,15500.31535
33.66,15491.96937
33.69,15484.01322
33.72,15476.41806
33.75,15434.96984
33.78,15426.90961
33.81,15384.69231
33.84,15376.29584
33.87,15368.37771
33.9,15360.71583
33.93,15353.04279
33.96,15344.78413
33.99,15302.52051
34.02,15294.01617
34.05,15252.38109
34.08,15244.66503
34.11,15236.93793
34.14,15228.52611
34.17,15219.97386
34.2,15177.72193
34.23,15169.87053
34.26,15128.41612
34.29,15120.62929
34.32,15112.05137
34.35,15103.43602
34.38,15094.83315
34.41,15086.94067
34.44,15045.43041
34.47,15003.8517
34.5,14995.13493
34.53,14986.40717
34.56,14977.79742
34.59,14969.85554
34.62,14961.90261
34.65,14920.23109
34.68,14911.49812
34.71,14869.23909
34.74,14860.71089
34.77,14852.70655
34.8,14844.691
34.83,14836.38081
34.86,14794.07505
34.89,14785.23218
34.92,14743.27275
34.95,14735.22808
34.98,14727.1724
35.01,14718.72111
35.04,14709.8443
35.07,14700.95648
35.1,14659.0955
35.13,14617.59326
35.16,14609.46214
35.19,14600.84767
35.22,14591.92048
35.25,14582.98221
35.28,14574.55277
35.31,14533.05287
35.34,14491.56216
35.37,14482.77665
35.4,14473.77016
35.43,14464.75254
35.46,14456.36878
35.49,14448.13175
35.52,14406.64477
35.55,14364.49066
35.58,14355.46134
35.61,14346.421
35.64,14338.06824
35.67,14329.75498
35.7,14321.43071
35.73,14279.15485
35.76,14236.88587
35.79,14408.09372
35.82,14219.45411
35.85,14363.64975
35.88,14202.59921
35.91,14316.74656
35.94,14151.12693
35.97,14092.95354
36.0,14070.56929
36.03,14048.16728
36.06,14025.23593
36.09,14000.81564
36.12,13976.3797
36.15,13865.31593
36.18,13755.80308
36.21,13733.45644
36.24,13710.3023
36.27,13685.80485
36.3,13661.29203
36.33,13637.59875
36.36,13528.30083
36.39,13419.19309
36.42,13395.84154
36.45,13371.47296
36.48,13347.08952
36.51,13323.65064
36.54,13301.11879
36.57,13106.25313
36.6,13082.75679
36.63,13058.3527
36.66,13033.93437
36.69,13010.6251
36.72,12988.12927
36.75,12879.88657
36.78,12770.67384
36.81,12746.34913
36.84,12722.01035
36.87,12698.83378
36.9,12676.35998
36.93,12653.86986
36.96,12544.93422
36.99,12435.50058
37.02,12411.20424
37.05,12388.10729
37.08,12365.65661
37.11,12343.19011
37.14,12319.40843
37.17,12210.22489
37.2,12101.23743
37.23,12078.14079
37.26,12055.70214
37.29,12033.24837
37.32,12009.55786
37.35,11985.18935
37.38,11792.53112
37.41,11769.44155
37.44,11746.99129
37.47,11724.52616
37.5,11700.86716
37.53,11676.47922
37.56,11568.36039
37.59,11461.58616
37.62,11439.2132
37.65,11416.82535
37.68,11393.37169
37.71,11369.1293
37.74,11344.87427
37.77,11238.35973
37.8,11132.83573
37.83,11110.44623
37.86,11087.11473
37.89,11062.87257
37.92,11038.61819
37.95,11015.2039
37.98,10827.42359
38.01,10805.09497
38.04,10781.96402
38.07,10757.72898
38.1,10733.48235
38.13,10709.88734
38.16,10605.17644
38.19,10500.6513
38.22,10477.73626
38.25,10453.5448
38.28,10429.34202
38.31,10405.5717
38.34,10383.15962
38.37,10197.32026
38.4,10174.70283
38.43,10150.58884
38.46,10126.46367
38.49,10102.50189
38.52,10080.08918
38.55,9976.36692
38.58,9872.79078
38.61,9848.6827
38.64,9824.5635
38.67,9800.43358
38.7,9777.91264
38.73,9755.49308
38.76,9571.54131
38.79,9547.74644
38.82,9523.66537
38.85,9499.57402
38.88,9476.77423
38.91,9454.40797
38.94,9432.02933
38.97,9247.94764
39.0,9223.88716
39.03,9199.81668
39.06,9176.63215
39.09,9154.21792
39.12,9131.79172
39.15,8949.01091
39.18,8925.03825
39.21,8901.05569
39.24,8877.57376
39.27,8855.27746
39.3,8832.96913
39.33,8730.93719
39.36,8627.69561
39.39,8603.8066
39.42,8579.97504
39.45,8557.70686
39.48,8535.42705
39.51,8513.13594
39.54,8331.54406
39.57,8307.70544
39.6,8283.8576
39.63,8261.26779
39.66,8239.06923
39.69,8216.85977
39.72,8036.70038
39.75,8012.9181
39.78,7989.12688
39.81,7966.08177
39.84,7943.94042
39.87,7921.78835
39.9,7899.13862
39.93,7719.35372
39.96,7695.64196
39.99,7672.11433
40.02,7649.95548
40.05,7627.78621
40.08,7605.60626
40.11,7426.77191
40.14,7403.05946
40.17,7379.33863
40.2,7356.84348
40.23,7334.71106
40.26,7312.56835
40.29,7135.26647
40.32,7111.63231
40.35,7087.99002
40.38,7064.94803
40.41,7042.85729
40.44,7020.75671
40.47,6998.35259
40.5,6821.42187
40.53,6797.88201
40.56,6774.33422
40.59,6752.25719
40.62,6730.19524
40.65,6708.12382
40.68,6532.41318
40.71,6508.87834
40.74,6485.33585
40.77,6462.64988
40.8,6440.65216
40.83,6418.64506
40.86,6244.5827
40.89,6221.20628
40.92,6197.82227
40.95,6174.57348
40.98,6152.64129
41.01,6130.69994
41.04,6033.35747
41.07,5934.8731
41.1,5911.50731
41.13,5888.13464
41.16,5865.69575
41.19,5843.8366
41.22,5821.96868
41.25,5649.7666
41.28,5626.51972
41.31,5603.26604
41.34,5580.16002
41.37,5558.3259
41.4,5536.48343
41.43,5365.69309
41.46,5342.69577
41.49,5319.45901
41.52,5296.21582
41.55,5273.83776
41.58,5252.10156
41.61,5082.25176
41.64,5060.17962
41.67,5037.03068
41.7,5013.87541
41.73,4990.7298
41.76,4969.008
41.79,4800.00275
41.82,4778.39556
41.85,4755.71156
41.88,4732.60542
41.91,4709.49318
41.94,4686.96533
41.97,4591.97865
42.0,4497.16663
42.03,4475.38706
42.06,4452.32006
42.09,4429.24728
42.12,4406.16899
42.15,4311.41488
42.18,4217.12035
42.21,4195.61698
42.24,4173.4258
42.27,4150.50877
42.3,4127.58623
42.33,4032.43772
42.36,3938.61618
42.39,3917.17745
42.42,3895.73139
42.45,3873.12807
42.48,3850.27787
42.51,3755.38752
42.54,3661.36615
42.57,3640.0492
42.6,3618.72515
42.63,3597.19853
42.66,3574.45009
42.69,3480.06522
42.72,3385.85805
42.75,3364.34649
42.78,3343.13529
42.81,3321.91731
42.84,3300.10767
42.87,3206.26067
42.9,3112.59048
42.93,3090.16576
42.96,3068.98812
42.99,3047.80395
43.02,3026.61348
43.05,2933.64966
43.08,2840.41307
43.11,2817.95361
43.14,2795.86992
43.17,2774.70598
43.2,2753.53598
43.23,2661.92702
43.26,2569.32278
43.29,2546.96994
43.32,2524.61251
43.35,2502.90197
43.38,2481.83568
43.41,2390.72708
43.44,2299.66248
43.47,2277.38923
43.5,2255.11169
43.53,2232.82993
43.56,2211.37792
43.59,2120.67115
43.62,2030.13317
43.65,2008.84765
43.68,1986.59729
43.71,1964.34286
43.74,1942.08472
43.77,1851.62147
43.8,1761.54282
43.83,1740.65908
43.86,1719.28132
43.89,1697.13928
43.92,1674.99363
43.95,1583.98557
43.98,1494.30566
44.01,1473.49477
44.04,1452.67876
44.07,1431.23574
44.1,1409.15133
44.13,1318.59228
44.16,1228.24796
44.19,1207.5216
44.22,1186.79027
44.25,1166.05396
44.28,1076.50534
44.31,1054.62181
44.34,964.7595
44.37,943.04068
44.4,922.43181
44.43,901.81803
44.46,813.4555
44.49,724.5174
44.52,702.78657
44.55,681.05257
44.58,659.45131
44.61,638.95172
44.64,551.08575
44.67,463.38444
44.7,442.26492
44.73,420.67424
44.76,399.08059
44.79,377.59964
44.82,290.18722
44.85,202.93887
44.88,182.62033
44.91,161.60536
44.94,140.08841
44.97,118.56878
45.0,30.50889
45.03,0
