Time(s),Thrust(N),,Data Max,94765.72156,Time Normalized 0-1,Thrust Normalized 0-1,,,
0.03,7339.58497,,,,0.00060241,0.077449787,0.125,0.314227087,0.125
0.06,7484.51308,,,,0.001204819,0.078979118,0.25,0.435644591,
0.09,7629.9509,,,,0.001807229,0.080513827,0.375,0.549849863,
0.12,7775.9004,,,,0.002409639,0.082053935,0.5,0.656931442,
0.15,7922.36359,,,,0.003012048,0.083599465,0.625,0.756956923,0.625
0.18,8069.34246,,,,0.003614458,0.085150435,0.75,0.849979563,
0.21,8216.83902,,,,0.004216867,0.086706869,0.875,0.936042287,0.875
0.24,8364.85528,,,,0.004819277,0.088268787,1,0.972324123,
0.27,8513.39327,,,,0.005421687,0.08983621,,,
0.3,8662.45503,,,,0.006024096,0.09140916,,,
0.33,8812.04259,,,,0.006626506,0.092987659,,,
0.36,8962.15801,,,,0.007228916,0.094571728,,,
0.39,9112.80334,,,,0.007831325,0.096161388,,,
0.42,9263.98065,,,,0.008433735,0.097756662,,,
0.45,9415.69202,,,,0.009036145,0.099357572,,,
0.48,9567.93953,,,,0.009638554,0.100964139,,,
0.51,9720.72527,,,,0.010240964,0.102576386,,,
0.54,9874.05134,,,,0.010843373,0.104194335,,,
0.57,10027.91985,,,,0.011445783,0.105818008,,,
0.6,10182.33292,,,,0.012048193,0.107447427,,,
0.63,10337.29268,,,,0.012650602,0.109082615,,,
0.66,10492.80127,,,,0.013253012,0.110723594,,,
0.69,10648.86082,,,,0.013855422,0.112370387,,,
0.72,10805.4735,,,,0.014457831,0.114023017,,,
0.75,10962.64145,,,,0.015060241,0.115681507,,,
0.78,11120.36687,,,,0.015662651,0.117345879,,,
0.81,11278.65191,,,,0.01626506,0.119016156,,,
0.84,11437.49878,,,,0.01686747,0.120692362,,,
0.87,11596.90968,,,,0.01746988,0.12237452,,,
0.9,11756.8868,,,,0.018072289,0.124062653,,,
0.93,11917.43236,,,,0.018674699,0.125756784,,,
0.96,12078.5486,,,,0.019277108,0.127456937,,,
0.99,12240.23774,,,,0.019879518,0.129163136,,,
1.02,12402.50203,,,,0.020481928,0.130875403,,,
1.05,12565.34371,,,,0.021084337,0.132593764,,,
1.08,12728.76506,,,,0.021686747,0.134318241,,,
1.11,12892.76835,,,,0.022289157,0.13604886,,,
1.14,13057.35584,,,,0.022891566,0.137785643,,,
1.17,13222.52984,,,,0.023493976,0.139528615,,,
1.2,13388.29265,,,,0.024096386,0.1412778,,,
1.23,13554.64657,,,,0.024698795,0.143033223,,,
1.26,13721.59391,,,,0.025301205,0.144794908,,,
1.29,13889.13702,,,,0.025903614,0.146562879,,,
1.32,14057.27822,,,,0.026506024,0.148337162,,,
1.35,14226.01986,,,,0.027108434,0.150117781,,,
1.38,14395.3643,,,,0.027710843,0.151904761,,,
1.41,14286.72552,,,,0.028313253,0.150758368,,,
1.44,14350.41694,,,,0.028915663,0.151430461,,,
1.47,14414.09046,,,,0.029518072,0.152102366,,,
1.5,14477.74607,,,,0.030120482,0.152774082,,,
1.53,14541.38379,,,,0.030722892,0.153445608,,,
1.56,14605.00362,,,,0.031325301,0.154116946,,,
1.59,14668.60556,,,,0.031927711,0.154788096,,,
1.62,14732.1896,,,,0.03253012,0.155459056,,,
1.65,14795.75577,,,,0.03313253,0.156129828,,,
1.68,14859.30405,,,,0.03373494,0.156800411,,,
1.71,14922.83445,,,,0.034337349,0.157470805,,,
1.74,14986.34697,,,,0.034939759,0.158141011,,,
1.77,15049.84162,,,,0.035542169,0.158811028,,,
1.8,15113.31839,,,,0.036144578,0.159480856,,,
1.83,15176.7773,,,,0.036746988,0.160150496,,,
1.86,15240.21835,,,,0.037349398,0.160819947,,,
1.89,15303.64153,,,,0.037951807,0.16148921,,,
1.92,15367.04685,,,,0.038554217,0.162158285,,,
1.95,15430.43431,,,,0.039156627,0.162827171,,,
1.98,15493.80391,,,,0.039759036,0.163495868,,,
2.01,15557.15567,,,,0.040361446,0.164164377,,,
2.04,15620.48957,,,,0.040963855,0.164832698,,,
2.07,15683.80563,,,,0.041566265,0.165500831,,,
2.1,15747.10384,,,,0.042168675,0.166168775,,,
2.13,15810.38421,,,,0.042771084,0.166836531,,,
2.16,15873.64674,,,,0.043373494,0.167504098,,,
2.19,15936.89144,,,,0.043975904,0.168171478,,,
2.22,16000.1183,,,,0.044578313,0.168838669,,,
2.25,16063.32733,,,,0.045180723,0.169505672,,,
2.28,16126.51853,,,,0.045783133,0.170172487,,,
2.31,16189.69191,,,,0.046385542,0.170839114,,,
2.34,16252.84747,,,,0.046987952,0.171505553,,,
2.37,16315.9852,,,,0.047590361,0.172171804,,,
2.4,16379.10511,,,,0.048192771,0.172837866,,,
2.43,16442.20721,,,,0.048795181,0.173503741,,,
2.46,16505.2915,,,,0.04939759,0.174169428,,,
2.49,16568.35798,,,,0.05,0.174834927,,,
2.52,16631.40665,,,,0.05060241,0.175500238,,,
2.55,16694.43752,,,,0.051204819,0.176165361,,,
2.58,16757.45058,,,,0.051807229,0.176830296,,,
2.61,16820.44584,,,,0.052409639,0.177495043,,,
2.64,16883.42331,,,,0.053012048,0.178159603,,,
2.67,16946.38298,,,,0.053614458,0.178823975,,,
2.7,17009.32486,,,,0.054216867,0.179488159,,,
2.73,17072.24895,,,,0.054819277,0.180152155,,,
2.76,17135.15525,,,,0.055421687,0.180815963,,,
2.79,17198.04377,,,,0.056024096,0.181479584,,,
2.82,17260.91451,,,,0.056626506,0.182143018,,,
2.85,17323.76747,,,,0.057228916,0.182806264,,,
2.88,17386.60265,,,,0.057831325,0.183469322,,,
2.91,17449.42005,,,,0.058433735,0.184132192,,,
2.94,17512.21969,,,,0.059036145,0.184794875,,,
2.97,17575.00155,,,,0.059638554,0.185457371,,,
3,17637.76565,,,,0.060240964,0.186119679,,,
3.03,17700.51199,,,,0.060843373,0.186781799,,,
3.06,17763.24056,,,,0.061445783,0.187443732,,,
3.09,17825.95137,,,,0.062048193,0.188105478,,,
3.12,17888.64443,,,,0.062650602,0.188767037,,,
3.15,17951.31973,,,,0.063253012,0.189428408,,,
3.18,18013.97728,,,,0.063855422,0.190089591,,,
3.21,18076.61708,,,,0.064457831,0.190750588,,,
3.24,18139.23914,,,,0.065060241,0.191411397,,,
3.27,18201.84345,,,,0.065662651,0.192072019,,,
3.3,18264.43002,,,,0.06626506,0.192732453,,,
3.33,18326.99885,,,,0.06686747,0.193392701,,,
3.36,18389.54994,,,,0.06746988,0.194052761,,,
3.39,18452.08329,,,,0.068072289,0.194712634,,,
3.42,18514.59892,,,,0.068674699,0.19537232,,,
3.45,18577.09681,,,,0.069277108,0.196031819,,,
3.48,18639.57698,,,,0.069879518,0.196691131,,,
3.51,18702.03942,,,,0.070481928,0.197350256,,,
3.54,18764.48414,,,,0.071084337,0.198009194,,,
3.57,18826.91114,,,,0.071686747,0.198667945,,,
3.6,18889.32042,,,,0.072289157,0.199326509,,,
3.63,18951.71198,,,,0.072891566,0.199984886,,,
3.66,19014.08583,,,,0.073493976,0.200643076,,,
3.69,19076.44198,,,,0.074096386,0.201301079,,,
3.72,19138.78041,,,,0.074698795,0.201958895,,,
3.75,19201.10114,,,,0.075301205,0.202616524,,,
3.78,19263.40416,,,,0.075903614,0.203273967,,,
3.81,19325.68948,,,,0.076506024,0.203931223,,,
3.84,19387.9571,,,,0.077108434,0.204588292,,,
3.87,19450.20703,,,,0.077710843,0.205245174,,,
3.9,19512.43926,,,,0.078313253,0.20590187,,,
3.93,19574.6538,,,,0.078915663,0.206558379,,,
3.96,19636.85065,,,,0.079518072,0.207214701,,,
3.99,19699.02982,,,,0.080120482,0.207870837,,,
4.02,19761.19129,,,,0.080722892,0.208526785,,,
4.05,19823.33509,,,,0.081325301,0.209182548,,,
4.08,19885.4612,,,,0.081927711,0.209838124,,,
4.11,19947.56964,,,,0.08253012,0.210493513,,,
4.14,20009.6604,,,,0.08313253,0.211148716,,,
4.17,20071.73349,,,,0.08373494,0.211803732,,,
4.2,20133.78891,,,,0.084337349,0.212458562,,,
4.23,20195.82666,,,,0.084939759,0.213113205,,,
4.26,20257.84674,,,,0.085542169,0.213767662,,,
4.29,20319.84915,,,,0.086144578,0.214421932,,,
4.32,20381.83391,,,,0.086746988,0.215076017,,,
4.35,20443.801,,,,0.087349398,0.215729914,,,
4.38,20505.75044,,,,0.087951807,0.216383626,,,
4.41,20567.68222,,,,0.088554217,0.217037151,,,
4.44,20629.59635,,,,0.089156627,0.21769049,,,
4.47,20691.49283,,,,0.089759036,0.218343643,,,
4.5,20753.37166,,,,0.090361446,0.218996609,,,
4.53,20815.23284,,,,0.090963855,0.219649389,,,
4.56,20877.07638,,,,0.091566265,0.220301983,,,
4.59,20938.90228,,,,0.092168675,0.220954391,,,
4.62,21000.71054,,,,0.092771084,0.221606613,,,
4.65,21062.50116,,,,0.093373494,0.222258648,,,
4.68,21124.27414,,,,0.093975904,0.222910498,,,
4.71,21186.0295,,,,0.094578313,0.223562161,,,
4.74,21247.76722,,,,0.095180723,0.224213638,,,
4.77,21309.48731,,,,0.095783133,0.22486493,,,
4.8,21371.18977,,,,0.096385542,0.225516035,,,
4.83,21432.87462,,,,0.096987952,0.226166954,,,
4.86,21494.54184,,,,0.097590361,0.226817688,,,
4.89,21556.19144,,,,0.098192771,0.227468235,,,
4.92,21617.82342,,,,0.098795181,0.228118597,,,
4.95,21679.43778,,,,0.09939759,0.228768772,,,
4.98,21741.03454,,,,0.1,0.229418762,,,
5.01,21802.61368,,,,0.10060241,0.230068566,,,
5.04,21864.17521,,,,0.101204819,0.230718184,,,
5.07,21925.71914,,,,0.101807229,0.231367617,,,
5.1,21987.24546,,,,0.102409639,0.232016863,,,
5.13,22048.75418,,,,0.103012048,0.232665924,,,
5.16,22110.2453,,,,0.103614458,0.233314799,,,
5.19,22171.71882,,,,0.104216867,0.233963489,,,
5.22,22233.17474,,,,0.104819277,0.234611992,,,
5.25,22294.61307,,,,0.105421687,0.23526031,,,
5.28,22356.03381,,,,0.106024096,0.235908443,,,
5.31,22417.43695,,,,0.106626506,0.23655639,,,
5.34,22478.82251,,,,0.107228916,0.237204151,,,
5.37,22540.19049,,,,0.107831325,0.237851727,,,
5.4,22601.54088,,,,0.108433735,0.238499117,,,
5.43,22662.87369,,,,0.109036145,0.239146321,,,
5.46,22724.18891,,,,0.109638554,0.23979334,,,
5.49,22785.48657,,,,0.110240964,0.240440174,,,
5.52,22846.76664,,,,0.110843373,0.241086822,,,
5.55,22908.02915,,,,0.111445783,0.241733285,,,
5.58,22969.27408,,,,0.112048193,0.242379562,,,
5.61,23030.50144,,,,0.112650602,0.243025654,,,
5.64,23091.71124,,,,0.113253012,0.24367156,,,
5.67,23152.90347,,,,0.113855422,0.244317281,,,
5.7,23214.07814,,,,0.114457831,0.244962817,,,
5.73,23275.23525,,,,0.115060241,0.245608168,,,
5.76,23336.3748,,,,0.115662651,0.246253333,,,
5.79,23397.49679,,,,0.11626506,0.246898313,,,
5.82,23458.60123,,,,0.11686747,0.247543108,,,
5.85,23519.68812,,,,0.11746988,0.248187717,,,
5.88,23580.75745,,,,0.118072289,0.248832142,,,
5.91,23641.80924,,,,0.118674699,0.249476381,,,
5.94,23702.84348,,,,0.119277108,0.250120435,,,
5.97,23763.86018,,,,0.119879518,0.250764304,,,
6,23824.85933,,,,0.120481928,0.251407987,,,
6.03,23885.84094,,,,0.121084337,0.252051486,,,
6.06,23946.80502,,,,0.121686747,0.2526948,,,
6.09,24007.75155,,,,0.122289157,0.253337928,,,
6.12,24068.68056,,,,0.122891566,0.253980872,,,
6.15,24129.59203,,,,0.123493976,0.25462363,,,
6.18,24190.48597,,,,0.124096386,0.255266204,,,
6.21,24251.36238,,,,0.124698795,0.255908592,,,
6.24,24312.22127,,,,0.125301205,0.256550796,,,
6.27,24373.06263,,,,0.125903614,0.257192814,,,
6.3,24433.88647,,,,0.126506024,0.257834648,,,
6.33,24494.69279,,,,0.127108434,0.258476297,,,
6.36,24555.48159,,,,0.127710843,0.259117761,,,
6.39,24616.25287,,,,0.128313253,0.25975904,,,
6.42,24677.00664,,,,0.128915663,0.260400134,,,
6.45,24737.74289,,,,0.129518072,0.261041044,,,
6.48,24798.46164,,,,0.130120482,0.261681769,,,
6.51,24859.16288,,,,0.130722892,0.262322309,,,
6.54,24919.84661,,,,0.131325301,0.262962664,,,
6.57,24980.51283,,,,0.131927711,0.263602835,,,
6.6,25041.16155,,,,0.13253012,0.26424282,,,
6.63,25101.79277,,,,0.13313253,0.264882622,,,
6.66,25162.40649,,,,0.13373494,0.265522238,,,
6.69,25223.00272,,,,0.134337349,0.26616167,,,
6.72,25283.58145,,,,0.134939759,0.266800917,,,
6.75,25344.14268,,,,0.135542169,0.26743998,,,
6.78,25404.68643,,,,0.136144578,0.268078858,,,
6.81,25465.21268,,,,0.136746988,0.268717552,,,
6.84,25525.72145,,,,0.137349398,0.269356061,,,
6.87,25586.21273,,,,0.137951807,0.269994385,,,
6.9,25646.68653,,,,0.138554217,0.270632525,,,
6.93,25707.14285,,,,0.139156627,0.271270481,,,
6.96,25767.58168,,,,0.139759036,0.271908252,,,
6.99,25828.00304,,,,0.140361446,0.272545838,,,
7.02,25888.40692,,,,0.140963855,0.273183241,,,
7.05,25948.79333,,,,0.141566265,0.273820459,,,
7.08,26009.16227,,,,0.142168675,0.274457492,,,
7.11,26069.51373,,,,0.142771084,0.275094341,,,
7.14,26129.84773,,,,0.143373494,0.275731006,,,
7.17,26190.16425,,,,0.143975904,0.276367486,,,
7.2,26250.46332,,,,0.144578313,0.277003782,,,
7.23,26310.74492,,,,0.145180723,0.277639894,,,
7.26,26371.00906,,,,0.145783133,0.278275822,,,
7.29,26431.25574,,,,0.146385542,0.278911565,,,
7.32,26491.48496,,,,0.146987952,0.279547124,,,
7.35,26551.69673,,,,0.147590361,0.280182499,,,
7.38,26611.89104,,,,0.148192771,0.28081769,,,
7.41,26672.0679,,,,0.148795181,0.281452697,,,
7.44,26732.22731,,,,0.14939759,0.282087519,,,
7.47,26792.36927,,,,0.15,0.282722158,,,
7.5,26852.49379,,,,0.15060241,0.283356612,,,
7.53,26912.60086,,,,0.151204819,0.283990882,,,
7.56,26972.69049,,,,0.151807229,0.284624968,,,
7.59,27032.76267,,,,0.152409639,0.28525887,,,
7.62,27092.81742,,,,0.153012048,0.285892588,,,
7.65,27152.85473,,,,0.153614458,0.286526122,,,
7.68,27212.8746,,,,0.154216867,0.287159472,,,
7.71,27272.87704,,,,0.154819277,0.287792638,,,
7.74,27332.86205,,,,0.155421687,0.288425621,,,
7.77,27392.82963,,,,0.156024096,0.289058419,,,
7.8,27452.77978,,,,0.156626506,0.289691033,,,
7.83,27512.7125,,,,0.157228916,0.290323463,,,
7.86,27572.6278,,,,0.157831325,0.29095571,,,
7.89,27632.52568,,,,0.158433735,0.291587773,,,
7.92,27692.40613,,,,0.159036145,0.292219652,,,
7.95,27752.26916,,,,0.159638554,0.292851346,,,
7.98,27812.11478,,,,0.160240964,0.293482858,,,
8.01,27871.94298,,,,0.160843373,0.294114185,,,
8.04,27931.75376,,,,0.161445783,0.294745329,,,
8.07,27991.54714,,,,0.162048193,0.295376289,,,
8.1,28051.3231,,,,0.162650602,0.296007065,,,
8.13,28111.08165,,,,0.163253012,0.296637657,,,
8.16,28170.8228,,,,0.163855422,0.297268066,,,
8.19,28230.54654,,,,0.164457831,0.297898291,,,
8.22,28290.25288,,,,0.165060241,0.298528333,,,
8.25,28349.94181,,,,0.165662651,0.299158191,,,
8.28,28409.61335,,,,0.16626506,0.299787865,,,
8.31,28469.26748,,,,0.16686747,0.300417356,,,
8.34,28528.90422,,,,0.16746988,0.301046663,,,
8.37,28588.52357,,,,0.168072289,0.301675786,,,
8.4,28648.12552,,,,0.168674699,0.302304726,,,
8.43,28707.71008,,,,0.169277108,0.302933483,,,
8.46,28767.27725,,,,0.169879518,0.303562056,,,
8.49,28826.82703,,,,0.170481928,0.304190445,,,
8.52,28886.35942,,,,0.171084337,0.304818651,,,
8.55,28945.87443,,,,0.171686747,0.305446674,,,
8.58,29005.37206,,,,0.172289157,0.306074513,,,
8.61,29064.85231,,,,0.172891566,0.306702169,,,
8.64,29124.31517,,,,0.173493976,0.307329641,,,
8.67,29183.76066,,,,0.174096386,0.30795693,,,
8.7,29243.18877,,,,0.174698795,0.308584035,,,
8.73,29302.59951,,,,0.175301205,0.309210958,,,
8.76,29361.99288,,,,0.175903614,0.309837697,,,
8.79,29421.36887,,,,0.176506024,0.310464252,,,
8.82,29480.72749,,,,0.177108434,0.311090624,,,
8.85,29540.06875,,,,0.177710843,0.311716813,,,
8.88,29599.39264,,,,0.178313253,0.312342819,,,
8.91,29658.69916,,,,0.178915663,0.312968642,,,
8.94,29717.98833,,,,0.179518072,0.313594281,,,
8.97,29777.26013,,,,0.180120482,0.314219737,,,
9,29836.51457,,,,0.180722892,0.31484501,,,
9.03,29895.75165,,,,0.181325301,0.3154701,,,
9.06,29954.97138,,,,0.181927711,0.316095007,,,
9.09,30014.17376,,,,0.18253012,0.31671973,,,
9.12,30073.35878,,,,0.18313253,0.317344271,,,
9.15,30132.52645,,,,0.18373494,0.317968628,,,
9.18,30191.67677,,,,0.184337349,0.318592802,,,
9.21,30250.80974,,,,0.184939759,0.319216793,,,
9.24,30309.92536,,,,0.185542169,0.319840601,,,
9.27,30369.02364,,,,0.186144578,0.320464226,,,
9.3,30428.10458,,,,0.186746988,0.321087668,,,
9.33,30487.16818,,,,0.187349398,0.321710928,,,
9.36,30546.21444,,,,0.187951807,0.322334004,,,
9.39,30605.24336,,,,0.188554217,0.322956897,,,
9.42,30664.25494,,,,0.189156627,0.323579607,,,
9.45,30723.24918,,,,0.189759036,0.324202134,,,
9.48,30782.2261,,,,0.190361446,0.324824479,,,
9.51,30841.18568,,,,0.190963855,0.32544664,,,
9.54,30900.12793,,,,0.191566265,0.326068619,,,
9.57,30959.05286,,,,0.192168675,0.326690415,,,
9.6,31017.96046,,,,0.192771084,0.327312027,,,
9.63,31076.85073,,,,0.193373494,0.327933458,,,
9.66,31135.72368,,,,0.193975904,0.328554705,,,
9.69,31194.5793,,,,0.194578313,0.329175769,,,
9.72,31253.41761,,,,0.195180723,0.329796651,,,
9.75,31312.2386,,,,0.195783133,0.33041735,,,
9.78,31371.04227,,,,0.196385542,0.331037866,,,
9.81,31429.82862,,,,0.196987952,0.3316582,,,
9.84,31488.59766,,,,0.197590361,0.332278351,,,
9.87,31547.34939,,,,0.198192771,0.332898319,,,
9.9,31606.0838,,,,0.198795181,0.333518104,,,
9.93,31664.80091,,,,0.19939759,0.334137707,,,
9.96,31723.50071,,,,0.2,0.334757127,,,
9.99,31782.1832,,,,0.20060241,0.335376365,,,
10.02,31840.84839,,,,0.201204819,0.33599542,,,
10.05,31899.49628,,,,0.201807229,0.336614292,,,
10.08,31958.12686,,,,0.202409639,0.337232982,,,
10.11,32016.74015,,,,0.203012048,0.337851489,,,
10.14,32075.33613,,,,0.203614458,0.338469814,,,
10.17,32133.91482,,,,0.204216867,0.339087956,,,
10.2,32192.47621,,,,0.204819277,0.339705916,,,
10.23,32251.02031,,,,0.205421687,0.340323693,,,
10.26,32309.54712,,,,0.206024096,0.340941288,,,
10.29,32368.05664,,,,0.206626506,0.3415587,,,
10.32,32426.54887,,,,0.207228916,0.34217593,,,
10.35,32485.02381,,,,0.207831325,0.342792977,,,
10.38,32543.48146,,,,0.208433735,0.343409842,,,
10.41,32601.92183,,,,0.209036145,0.344026524,,,
10.44,32660.34492,,,,0.209638554,0.344643025,,,
10.47,32718.75072,,,,0.210240964,0.345259343,,,
10.5,32777.13924,,,,0.210843373,0.345875478,,,
10.53,32835.51049,,,,0.211445783,0.346491431,,,
10.56,32893.86446,,,,0.212048193,0.347107202,,,
10.59,32952.20115,,,,0.212650602,0.347722791,,,
10.62,33010.52057,,,,0.213253012,0.348338197,,,
10.65,33068.82272,,,,0.213855422,0.348953421,,,
10.68,33127.1076,,,,0.214457831,0.349568463,,,
10.71,33185.37521,,,,0.215060241,0.350183322,,,
10.74,33243.62555,,,,0.215662651,0.350798,,,
10.77,33301.85862,,,,0.21626506,0.351412495,,,
10.8,33360.07443,,,,0.21686747,0.352026808,,,
10.83,33418.27297,,,,0.21746988,0.352640938,,,
10.86,33476.45425,,,,0.218072289,0.353254887,,,
10.89,33534.61828,,,,0.218674699,0.353868653,,,
10.92,33592.76504,,,,0.219277108,0.354482238,,,
10.95,33650.89454,,,,0.219879518,0.35509564,,,
10.98,33709.00679,,,,0.220481928,0.35570886,,,
11.01,33767.10179,,,,0.221084337,0.356321898,,,
11.04,33825.17953,,,,0.221686747,0.356934754,,,
11.07,33883.24002,,,,0.222289157,0.357547428,,,
11.1,33941.28326,,,,0.222891566,0.35815992,,,
11.13,33999.30926,,,,0.223493976,0.35877223,,,
11.16,34057.318,,,,0.224096386,0.359384358,,,
11.19,34115.3095,,,,0.224698795,0.359996304,,,
11.22,34173.28375,,,,0.225301205,0.360608068,,,
11.25,34231.24077,,,,0.225903614,0.36121965,,,
11.28,34289.18054,,,,0.226506024,0.36183105,,,
11.31,34347.10307,,,,0.227108434,0.362442268,,,
11.34,34405.00836,,,,0.227710843,0.363053304,,,
11.37,34462.89642,,,,0.228313253,0.363664159,,,
11.4,34520.76724,,,,0.228915663,0.364274831,,,
11.43,34578.62082,,,,0.229518072,0.364885322,,,
11.46,34636.45718,,,,0.230120482,0.365495631,,,
11.49,34694.2763,,,,0.230722892,0.366105758,,,
11.52,34752.07819,,,,0.231325301,0.366715703,,,
11.55,34809.86285,,,,0.231927711,0.367325466,,,
11.58,34867.63029,,,,0.23253012,0.367935048,,,
11.61,34925.3805,,,,0.23313253,0.368544448,,,
11.64,34983.11349,,,,0.23373494,0.369153666,,,
11.67,35040.82925,,,,0.234337349,0.369762702,,,
11.7,35098.5278,,,,0.234939759,0.370371557,,,
11.73,35156.20912,,,,0.235542169,0.370980229,,,
11.76,35213.87323,,,,0.236144578,0.371588721,,,
11.79,35271.52012,,,,0.236746988,0.37219703,,,
11.82,35329.14979,,,,0.237349398,0.372805158,,,
11.85,35386.76225,,,,0.237951807,0.373413104,,,
11.88,35444.35749,,,,0.238554217,0.374020869,,,
11.91,35501.93553,,,,0.239156627,0.374628452,,,
11.94,35559.49635,,,,0.239759036,0.375235853,,,
11.97,35617.03997,,,,0.240361446,0.375843073,,,
12,35674.56638,,,,0.240963855,0.376450111,,,
12.03,35732.07558,,,,0.241566265,0.377056967,,,
12.06,35789.56758,,,,0.242168675,0.377663642,,,
12.09,35847.04238,,,,0.242771084,0.378270136,,,
12.12,35904.49997,,,,0.243373494,0.378876448,,,
12.15,35961.94037,,,,0.243975904,0.379482578,,,
12.18,36019.36356,,,,0.244578313,0.380088527,,,
12.21,36076.76956,,,,0.245180723,0.380694295,,,
12.24,36134.15836,,,,0.245783133,0.381299881,,,
12.27,36191.52997,,,,0.246385542,0.381905286,,,
12.3,36248.88438,,,,0.246987952,0.382510509,,,
12.33,36306.22161,,,,0.247590361,0.383115551,,,
12.36,36363.54164,,,,0.248192771,0.383720411,,,
12.39,36420.84448,,,,0.248795181,0.38432509,,,
12.42,36478.13014,,,,0.24939759,0.384929588,,,
12.45,36535.39861,,,,0.25,0.385533904,,,
12.48,36592.64989,,,,0.25060241,0.386138039,,,
12.51,36649.88399,,,,0.251204819,0.386741993,,,
12.54,36707.10091,,,,0.251807229,0.387345765,,,
12.57,36764.30064,,,,0.252409639,0.387949356,,,
12.6,36821.4832,,,,0.253012048,0.388552766,,,
12.63,36878.64858,,,,0.253614458,0.389155994,,,
12.66,36935.79678,,,,0.254216867,0.389759041,,,
12.69,36992.9278,,,,0.254819277,0.390361907,,,
12.72,37050.04166,,,,0.255421687,0.390964592,,,
12.75,37107.13833,,,,0.256024096,0.391567095,,,
12.78,37164.21784,,,,0.256626506,0.392169418,,,
12.81,37221.28018,,,,0.257228916,0.392771559,,,
12.84,37278.32535,,,,0.257831325,0.393373519,,,
12.87,37335.35335,,,,0.258433735,0.393975298,,,
12.9,37392.36418,,,,0.259036145,0.394576895,,,
12.93,37449.35785,,,,0.259638554,0.395178312,,,
12.96,37506.33436,,,,0.260240964,0.395779547,,,
12.99,37563.2937,,,,0.260843373,0.396380601,,,
13.02,37620.23588,,,,0.261445783,0.396981475,,,
13.05,37677.1609,,,,0.262048193,0.397582167,,,
13.08,37734.06877,,,,0.262650602,0.398182678,,,
13.11,37790.95948,,,,0.263253012,0.398783008,,,
13.14,37847.83303,,,,0.263855422,0.399383157,,,
13.17,37904.68942,,,,0.264457831,0.399983125,,,
13.2,37961.52867,,,,0.265060241,0.400582912,,,
13.23,38018.35076,,,,0.265662651,0.401182518,,,
13.26,38075.1557,,,,0.26626506,0.401781943,,,
13.29,38131.9435,,,,0.26686747,0.402381187,,,
13.32,38188.71414,,,,0.26746988,0.40298025,,,
13.35,38245.46764,,,,0.268072289,0.403579132,,,
13.38,38302.20399,,,,0.268674699,0.404177833,,,
13.41,38358.9232,,,,0.269277108,0.404776353,,,
13.44,38415.62527,,,,0.269879518,0.405374693,,,
13.47,38472.3102,,,,0.270481928,0.405972851,,,
13.5,38528.97798,,,,0.271084337,0.406570829,,,
13.53,38585.62863,,,,0.271686747,0.407168626,,,
13.56,38642.26214,,,,0.272289157,0.407766242,,,
13.59,38698.87851,,,,0.272891566,0.408363677,,,
13.62,38755.47775,,,,0.273493976,0.408960931,,,
13.65,38812.05985,,,,0.274096386,0.409558005,,,
13.68,38868.62482,,,,0.274698795,0.410154898,,,
13.71,38925.17266,,,,0.275301205,0.41075161,,,
13.74,38981.70337,,,,0.275903614,0.411348141,,,
13.77,39038.21696,,,,0.276506024,0.411944491,,,
13.8,39094.71341,,,,0.277108434,0.412540661,,,
13.83,39151.19274,,,,0.277710843,0.41313665,,,
13.86,39207.65494,,,,0.278313253,0.413732458,,,
13.89,39264.10002,,,,0.278915663,0.414328086,,,
13.92,39320.52798,,,,0.279518072,0.414923533,,,
13.95,39376.93882,,,,0.280120482,0.415518799,,,
13.98,39433.33254,,,,0.280722892,0.416113885,,,
14.01,39489.70914,,,,0.281325301,0.41670879,,,
14.04,39546.06862,,,,0.281927711,0.417303514,,,
14.07,39602.41098,,,,0.28253012,0.417898058,,,
14.1,39658.73624,,,,0.28313253,0.418492421,,,
14.13,39715.04437,,,,0.28373494,0.419086603,,,
14.16,39771.3354,,,,0.284337349,0.419680605,,,
14.19,39827.60931,,,,0.284939759,0.420274427,,,
14.22,39883.86612,,,,0.285542169,0.420868068,,,
14.25,39940.10581,,,,0.286144578,0.421461528,,,
14.28,39996.3284,,,,0.286746988,0.422054808,,,
14.31,40052.53389,,,,0.287349398,0.422647907,,,
14.34,40108.72226,,,,0.287951807,0.423240826,,,
14.37,40164.89354,,,,0.288554217,0.423833564,,,
14.4,40221.04771,,,,0.289156627,0.424426122,,,
14.43,40277.18478,,,,0.289759036,0.425018499,,,
14.46,40333.30475,,,,0.290361446,0.425610696,,,
14.49,40389.40762,,,,0.290963855,0.426202713,,,
14.52,40445.4934,,,,0.291566265,0.426794549,,,
14.55,40501.56208,,,,0.292168675,0.427386205,,,
14.58,40557.61366,,,,0.292771084,0.42797768,,,
14.61,40613.64815,,,,0.293373494,0.428568975,,,
14.64,40669.66555,,,,0.293975904,0.42916009,,,
14.67,40725.66585,,,,0.294578313,0.429751024,,,
14.7,40781.64907,,,,0.295180723,0.430341778,,,
14.73,40837.6152,,,,0.295783133,0.430932351,,,
14.76,40893.56423,,,,0.296385542,0.431522744,,,
14.79,40949.49619,,,,0.296987952,0.432112957,,,
14.82,41005.41105,,,,0.297590361,0.43270299,,,
14.85,41061.30884,,,,0.298192771,0.433292842,,,
14.88,41117.18954,,,,0.298795181,0.433882514,,,
14.91,41173.05315,,,,0.29939759,0.434472006,,,
14.94,41228.89969,,,,0.3,0.435061318,,,
14.97,41284.72915,,,,0.30060241,0.435650449,,,
15,41340.54153,,,,0.301204819,0.4362394,,,
15.03,41396.33683,,,,0.301807229,0.436828171,,,
15.06,41452.11506,,,,0.302409639,0.437416762,,,
15.09,41507.87621,,,,0.303012048,0.438005172,,,
15.12,41563.62029,,,,0.303614458,0.438593403,,,
15.15,41619.3473,,,,0.304216867,0.439181453,,,
15.18,41675.05724,,,,0.304819277,0.439769323,,,
15.21,41730.7501,,,,0.305421687,0.440357013,,,
15.24,41786.4259,,,,0.306024096,0.440944523,,,
15.27,41842.08463,,,,0.306626506,0.441531853,,,
15.3,41897.72629,,,,0.307228916,0.442119003,,,
15.33,41953.35089,,,,0.307831325,0.442705972,,,
15.36,42008.95843,,,,0.308433735,0.443292762,,,
15.39,42064.5489,,,,0.309036145,0.443879371,,,
15.42,42120.12231,,,,0.309638554,0.444465801,,,
15.45,42175.67866,,,,0.310240964,0.44505205,,,
15.48,42231.21795,,,,0.310843373,0.44563812,,,
15.51,42286.74018,,,,0.311445783,0.446224009,,,
15.54,42342.24535,,,,0.312048193,0.446809718,,,
15.57,42397.73347,,,,0.312650602,0.447395248,,,
15.6,42453.20454,,,,0.313253012,0.447980597,,,
15.63,42508.65855,,,,0.313855422,0.448565767,,,
15.66,42564.09551,,,,0.314457831,0.449150756,,,
15.69,42619.51541,,,,0.315060241,0.449735566,,,
15.72,42674.91827,,,,0.315662651,0.450320196,,,
15.75,42730.30408,,,,0.31626506,0.450904645,,,
15.78,42785.67284,,,,0.31686747,0.451488915,,,
15.81,42841.02455,,,,0.31746988,0.452073005,,,
15.84,42896.35922,,,,0.318072289,0.452656916,,,
15.87,42951.67684,,,,0.318674699,0.453240646,,,
15.9,43006.97742,,,,0.319277108,0.453824196,,,
15.93,43062.26096,,,,0.319879518,0.454407567,,,
15.96,43117.52746,,,,0.320481928,0.454990758,,,
15.99,43172.77692,,,,0.321084337,0.455573769,,,
16.02,43228.00933,,,,0.321686747,0.4561566,,,
16.05,43283.22472,,,,0.322289157,0.456739251,,,
16.08,43338.42306,,,,0.322891566,0.457321723,,,
16.11,43393.60437,,,,0.323493976,0.457904015,,,
16.14,43448.76865,,,,0.324096386,0.458486127,,,
16.17,43503.91589,,,,0.324698795,0.459068059,,,
16.2,43559.0461,,,,0.325301205,0.459649812,,,
16.23,43614.15928,,,,0.325903614,0.460231385,,,
16.26,43669.25543,,,,0.326506024,0.460812778,,,
16.29,43724.33455,,,,0.327108434,0.461393992,,,
16.32,43779.39664,,,,0.327710843,0.461975026,,,
16.35,43834.44171,,,,0.328313253,0.46255588,,,
16.38,43889.46975,,,,0.328915663,0.463136554,,,
16.41,43944.48077,,,,0.329518072,0.463717049,,,
16.44,43999.47476,,,,0.330120482,0.464297364,,,
16.47,44054.45174,,,,0.330722892,0.4648775,,,
16.5,44109.41169,,,,0.331325301,0.465457456,,,
16.53,44164.35462,,,,0.331927711,0.466037233,,,
16.56,44219.28053,,,,0.33253012,0.466616829,,,
16.59,44274.18943,,,,0.33313253,0.467196247,,,
16.62,44329.08131,,,,0.33373494,0.467775484,,,
16.65,44383.95618,,,,0.334337349,0.468354543,,,
16.68,44438.81403,,,,0.334939759,0.468933421,,,
16.71,44493.65486,,,,0.335542169,0.46951212,,,
16.74,44548.47869,,,,0.336144578,0.47009064,,,
16.77,44603.2855,,,,0.336746988,0.47066898,,,
16.8,44658.07531,,,,0.337349398,0.471247141,,,
16.83,44712.8481,,,,0.337951807,0.471825122,,,
16.86,44767.60389,,,,0.338554217,0.472402923,,,
16.89,44822.34267,,,,0.339156627,0.472980545,,,
16.92,44877.06445,,,,0.339759036,0.473557988,,,
16.95,44931.76922,,,,0.340361446,0.474135251,,,
16.98,44986.45699,,,,0.340963855,0.474712335,,,
17.01,45041.12775,,,,0.341566265,0.47528924,,,
17.04,45095.78152,,,,0.342168675,0.475865965,,,
17.07,45150.41828,,,,0.342771084,0.47644251,,,
17.1,45205.03805,,,,0.343373494,0.477018877,,,
17.13,45259.64082,,,,0.343975904,0.477595064,,,
17.16,45314.22659,,,,0.344578313,0.478171071,,,
17.19,45368.79536,,,,0.345180723,0.478746899,,,
17.22,45423.34714,,,,0.345783133,0.479322548,,,
17.25,45477.88193,,,,0.346385542,0.479898018,,,
17.28,45532.39972,,,,0.346987952,0.480473308,,,
17.31,45586.90053,,,,0.347590361,0.481048419,,,
17.34,45641.38434,,,,0.348192771,0.481623351,,,
17.37,45695.85116,,,,0.348795181,0.482198103,,,
17.4,45750.30099,,,,0.34939759,0.482772676,,,
17.43,45804.73384,,,,0.35,0.48334707,,,
17.46,45859.1497,,,,0.35060241,0.483921284,,,
17.49,45913.54858,,,,0.351204819,0.48449532,,,
17.52,45967.93047,,,,0.351807229,0.485069176,,,
17.55,46022.29537,,,,0.352409639,0.485642853,,,
17.58,46076.6433,,,,0.353012048,0.486216351,,,
17.61,46130.97425,,,,0.353614458,0.486789669,,,
17.64,46185.28821,,,,0.354216867,0.487362809,,,
17.67,46239.5852,,,,0.354819277,0.487935769,,,
17.7,46293.8652,,,,0.355421687,0.48850855,,,
17.73,46348.12824,,,,0.356024096,0.489081152,,,
17.76,46402.37429,,,,0.356626506,0.489653574,,,
17.79,46456.60337,,,,0.357228916,0.490225818,,,
17.82,46510.81548,,,,0.357831325,0.490797883,,,
17.85,46565.01061,,,,0.358433735,0.491369768,,,
17.88,46619.18878,,,,0.359036145,0.491941474,,,
17.91,46673.34997,,,,0.359638554,0.492513002,,,
17.94,46727.49419,,,,0.360240964,0.49308435,,,
17.97,46781.62144,,,,0.360843373,0.493655519,,,
18,46835.73173,,,,0.361445783,0.494226509,,,
18.03,46889.82505,,,,0.362048193,0.49479732,,,
18.06,46943.90141,,,,0.362650602,0.495367952,,,
18.09,46997.9608,,,,0.363253012,0.495938405,,,
18.12,47052.00322,,,,0.363855422,0.496508679,,,
18.15,47106.02869,,,,0.364457831,0.497078774,,,
18.18,47160.03719,,,,0.365060241,0.49764869,,,
18.21,47214.02873,,,,0.365662651,0.498218427,,,
18.24,47268.00332,,,,0.36626506,0.498787985,,,
18.27,47321.96094,,,,0.36686747,0.499357364,,,
18.3,47375.90161,,,,0.36746988,0.499926564,,,
18.33,47429.82532,,,,0.368072289,0.500495586,,,
18.36,47483.73207,,,,0.368674699,0.501064428,,,
18.39,47537.62188,,,,0.369277108,0.501633092,,,
18.42,47591.49472,,,,0.369879518,0.502201576,,,
18.45,47645.35062,,,,0.370481928,0.502769882,,,
18.48,47699.18957,,,,0.371084337,0.503338009,,,
18.51,47753.01156,,,,0.371686747,0.503905956,,,
18.54,47806.81661,,,,0.372289157,0.504473726,,,
18.57,47860.6047,,,,0.372891566,0.505041316,,,
18.6,47914.37585,,,,0.373493976,0.505608727,,,
18.63,47968.13006,,,,0.374096386,0.50617596,,,
18.66,48021.86731,,,,0.374698795,0.506743013,,,
18.69,48075.58763,,,,0.375301205,0.507309888,,,
18.72,48129.291,,,,0.375903614,0.507876585,,,
18.75,48182.97743,,,,0.376506024,0.508443102,,,
18.78,48236.64692,,,,0.377108434,0.509009441,,,
18.81,48290.29946,,,,0.377710843,0.5095756,,,
18.84,48343.93507,,,,0.378313253,0.510141582,,,
18.87,48397.55374,,,,0.378915663,0.510707384,,,
18.9,48451.15547,,,,0.379518072,0.511273008,,,
18.93,48504.74027,,,,0.380120482,0.511838452,,,
18.96,48558.30813,,,,0.380722892,0.512403719,,,
18.99,48611.85905,,,,0.381325301,0.512968806,,,
19.02,48665.39305,,,,0.381927711,0.513533715,,,
19.05,48718.91011,,,,0.38253012,0.514098445,,,
19.08,48772.41024,,,,0.38313253,0.514662997,,,
19.11,48825.89343,,,,0.38373494,0.515227369,,,
19.14,48879.3597,,,,0.384337349,0.515791564,,,
19.17,48932.80904,,,,0.384939759,0.516355579,,,
19.2,48986.24146,,,,0.385542169,0.516919416,,,
19.23,49039.65694,,,,0.386144578,0.517483074,,,
19.26,49093.0555,,,,0.386746988,0.518046554,,,
19.29,49146.43714,,,,0.387349398,0.518609855,,,
19.32,49199.80185,,,,0.387951807,0.519172978,,,
19.35,49253.14964,,,,0.388554217,0.519735922,,,
19.38,49306.48051,,,,0.389156627,0.520298687,,,
19.41,49359.79446,,,,0.389759036,0.520861274,,,
19.44,49413.09148,,,,0.390361446,0.521423682,,,
19.47,49466.37159,,,,0.390963855,0.521985912,,,
19.5,49519.63478,,,,0.391566265,0.522547963,,,
19.53,49572.88106,,,,0.392168675,0.523109836,,,
19.56,49626.11042,,,,0.392771084,0.52367153,,,
19.59,49679.32286,,,,0.393373494,0.524233046,,,
19.62,49732.51839,,,,0.393975904,0.524794383,,,
19.65,49785.697,,,,0.394578313,0.525355542,,,
19.68,49838.85871,,,,0.395180723,0.525916522,,,
19.71,49892.0035,,,,0.395783133,0.526477324,,,
19.74,49945.13138,,,,0.396385542,0.527037947,,,
19.77,49998.24235,,,,0.396987952,0.527598392,,,
19.8,50051.33642,,,,0.397590361,0.528158659,,,
19.83,50104.41358,,,,0.398192771,0.528718747,,,
19.86,50157.47383,,,,0.398795181,0.529278657,,,
19.89,50210.51717,,,,0.39939759,0.529838388,,,
19.92,50263.54361,,,,0.4,0.530397941,,,
19.95,50316.55315,,,,0.40060241,0.530957316,,,
19.98,50369.54578,,,,0.401204819,0.531516512,,,
20.01,50422.52152,,,,0.401807229,0.53207553,,,
20.04,50475.48035,,,,0.402409639,0.532634369,,,
20.07,50528.42228,,,,0.403012048,0.533193031,,,
20.1,50581.34731,,,,0.403614458,0.533751513,,,
20.13,50634.25545,,,,0.404216867,0.534309818,,,
20.16,50687.14669,,,,0.404819277,0.534867944,,,
20.19,50740.02103,,,,0.405421687,0.535425892,,,
20.22,50792.87847,,,,0.406024096,0.535983662,,,
20.25,50845.71903,,,,0.406626506,0.536541253,,,
20.28,50898.54268,,,,0.407228916,0.537098667,,,
20.31,50951.34945,,,,0.407831325,0.537655901,,,
20.34,51004.13932,,,,0.408433735,0.538212958,,,
20.37,51056.91231,,,,0.409036145,0.538769836,,,
20.4,51109.6684,,,,0.409638554,0.539326537,,,
20.43,51162.40761,,,,0.410240964,0.539883059,,,
20.46,51215.12993,,,,0.410843373,0.540439402,,,
20.49,51267.83536,,,,0.411445783,0.540995568,,,
20.52,51320.5239,,,,0.412048193,0.541551555,,,
20.55,51373.19556,,,,0.412650602,0.542107365,,,
20.58,51425.85034,,,,0.413253012,0.542662996,,,
20.61,51478.48823,,,,0.413855422,0.543218448,,,
20.64,51531.10924,,,,0.414457831,0.543773723,,,
20.67,51583.71337,,,,0.415060241,0.54432882,,,
20.7,51636.30062,,,,0.415662651,0.544883738,,,
20.73,51688.87099,,,,0.41626506,0.545438479,,,
20.76,51741.42448,,,,0.41686747,0.545993041,,,
20.79,51793.96109,,,,0.41746988,0.546547425,,,
20.82,51846.48082,,,,0.418072289,0.547101631,,,
20.85,51898.98368,,,,0.418674699,0.547655659,,,
20.88,51951.46967,,,,0.419277108,0.548209509,,,
20.91,52003.93877,,,,0.419879518,0.548763181,,,
20.94,52056.39101,,,,0.420481928,0.549316674,,,
20.97,52108.82638,,,,0.421084337,0.54986999,,,
21,52161.24487,,,,0.421686747,0.550423128,,,
21.03,52213.64649,,,,0.422289157,0.550976087,,,
21.06,52266.03124,,,,0.422891566,0.551528869,,,
21.09,52318.39913,,,,0.423493976,0.552081473,,,
21.12,52370.75014,,,,0.424096386,0.552633898,,,
21.15,52423.08429,,,,0.424698795,0.553186146,,,
21.18,52475.40157,,,,0.425301205,0.553738216,,,
21.21,52527.70199,,,,0.425903614,0.554290107,,,
21.24,52579.98554,,,,0.426506024,0.554841821,,,
21.27,52632.25223,,,,0.427108434,0.555393357,,,
21.3,52684.50206,,,,0.427710843,0.555944715,,,
21.33,52736.73502,,,,0.428313253,0.556495895,,,
21.36,52788.95113,,,,0.428915663,0.557046897,,,
21.39,52841.15037,,,,0.429518072,0.557597721,,,
21.42,52893.33275,,,,0.430120482,0.558148367,,,
21.45,52945.49828,,,,0.430722892,0.558698835,,,
21.48,52997.64695,,,,0.431325301,0.559249126,,,
21.51,53049.77876,,,,0.431927711,0.559799238,,,
21.54,53101.89372,,,,0.43253012,0.560349173,,,
21.57,53153.99182,,,,0.43313253,0.56089893,,,
21.6,53206.07307,,,,0.43373494,0.561448509,,,
21.63,53258.13747,,,,0.434337349,0.56199791,,,
21.66,53310.18501,,,,0.434939759,0.562547133,,,
21.69,53362.21571,,,,0.435542169,0.563096179,,,
21.72,53414.22955,,,,0.436144578,0.563645047,,,
21.75,53466.22654,,,,0.436746988,0.564193737,,,
21.78,53518.20669,,,,0.437349398,0.564742249,,,
21.81,53570.16998,,,,0.437951807,0.565290583,,,
21.84,53622.11643,,,,0.438554217,0.565838739,,,
21.87,53674.04604,,,,0.439156627,0.566386718,,,
21.9,53725.95879,,,,0.439759036,0.566934519,,,
21.93,53777.85471,,,,0.440361446,0.567482143,,,
21.96,53829.73378,,,,0.440963855,0.568029588,,,
21.99,53881.59601,,,,0.441566265,0.568576856,,,
22.02,53933.4414,,,,0.442168675,0.569123946,,,
22.05,53985.26994,,,,0.442771084,0.569670858,,,
22.08,54037.08165,,,,0.443373494,0.570217593,,,
22.11,54088.87651,,,,0.443975904,0.57076415,,,
22.14,54140.65454,,,,0.444578313,0.571310529,,,
22.17,54192.41573,,,,0.445180723,0.571856731,,,
22.2,54244.16009,,,,0.445783133,0.572402755,,,
22.23,54295.88761,,,,0.446385542,0.572948601,,,
22.26,54347.59829,,,,0.446987952,0.57349427,,,
22.29,54399.29214,,,,0.447590361,0.574039761,,,
22.32,54450.96916,,,,0.448192771,0.574585074,,,
22.35,54502.62934,,,,0.448795181,0.57513021,,,
22.38,54554.2727,,,,0.44939759,0.575675168,,,
22.41,54605.89922,,,,0.45,0.576219949,,,
22.44,54657.50891,,,,0.45060241,0.576764552,,,
22.47,54709.10178,,,,0.451204819,0.577308977,,,
22.5,54760.67781,,,,0.451807229,0.577853225,,,
22.53,54812.23702,,,,0.452409639,0.578397295,,,
22.56,54863.7794,,,,0.453012048,0.578941188,,,
22.59,54915.30496,,,,0.453614458,0.579484903,,,
22.62,54966.81369,,,,0.454216867,0.580028441,,,
22.65,55018.3056,,,,0.454819277,0.580571801,,,
22.68,55069.78068,,,,0.455421687,0.581114983,,,
22.71,55121.23895,,,,0.456024096,0.581657988,,,
22.74,55172.68039,,,,0.456626506,0.582200816,,,
22.77,55224.10501,,,,0.457228916,0.582743466,,,
22.8,55275.51281,,,,0.457831325,0.583285938,,,
22.83,55326.90379,,,,0.458433735,0.583828233,,,
22.86,55378.27795,,,,0.459036145,0.584370351,,,
22.89,55429.6353,,,,0.459638554,0.584912291,,,
22.92,55480.97583,,,,0.460240964,0.585454054,,,
22.95,55532.29954,,,,0.460843373,0.585995639,,,
22.98,55583.60644,,,,0.461445783,0.586537047,,,
23.01,55634.89653,,,,0.462048193,0.587078277,,,
23.04,55686.1698,,,,0.462650602,0.58761933,,,
23.07,55737.42626,,,,0.463253012,0.588160205,,,
23.1,55788.66591,,,,0.463855422,0.588700904,,,
23.13,55839.88875,,,,0.464457831,0.589241424,,,
23.16,55891.09477,,,,0.465060241,0.589781768,,,
23.19,55942.28399,,,,0.465662651,0.590321934,,,
23.22,55993.4564,,,,0.46626506,0.590861922,,,
23.25,56044.61201,,,,0.46686747,0.591401734,,,
23.28,56095.7508,,,,0.46746988,0.591941367,,,
23.31,56146.87279,,,,0.468072289,0.592480824,,,
23.34,56197.97798,,,,0.468674699,0.593020103,,,
23.37,56249.06636,,,,0.469277108,0.593559205,,,
23.4,56300.13794,,,,0.469879518,0.59409813,,,
23.43,56351.19272,,,,0.470481928,0.594636877,,,
23.46,56402.23069,,,,0.471084337,0.595175447,,,
23.49,56453.25186,,,,0.471686747,0.59571384,,,
23.52,56504.25624,,,,0.472289157,0.596252055,,,
23.55,56555.24381,,,,0.472891566,0.596790093,,,
23.58,56606.21458,,,,0.473493976,0.597327954,,,
23.61,56657.16856,,,,0.474096386,0.597865638,,,
23.64,56708.10574,,,,0.474698795,0.598403144,,,
23.67,56759.02613,,,,0.475301205,0.598940473,,,
23.7,56809.92971,,,,0.475903614,0.599477625,,,
23.73,56860.81651,,,,0.476506024,0.6000146,,,
23.76,56911.68651,,,,0.477108434,0.600551397,,,
23.79,56962.53972,,,,0.477710843,0.601088018,,,
23.82,57013.37613,,,,0.478313253,0.601624461,,,
23.85,57064.19576,,,,0.478915663,0.602160727,,,
23.88,57114.99859,,,,0.479518072,0.602696815,,,
23.91,57165.78463,,,,0.480120482,0.603232727,,,
23.94,57216.55389,,,,0.480722892,0.603768461,,,
23.97,57267.30636,,,,0.481325301,0.604304019,,,
24,57318.04204,,,,0.481927711,0.604839399,,,
24.03,57368.76093,,,,0.48253012,0.605374602,,,
24.06,57419.46303,,,,0.48313253,0.605909627,,,
24.09,57470.14836,,,,0.48373494,0.606444476,,,
24.12,57520.81689,,,,0.484337349,0.606979148,,,
24.15,57571.46865,,,,0.484939759,0.607513642,,,
24.18,57622.10362,,,,0.485542169,0.608047959,,,
24.21,57672.72181,,,,0.486144578,0.6085821,,,
24.24,57723.32322,,,,0.486746988,0.609116063,,,
24.27,57773.90785,,,,0.487349398,0.609649849,,,
24.3,57824.47569,,,,0.487951807,0.610183458,,,
24.33,57875.02676,,,,0.488554217,0.61071689,,,
24.36,57925.56106,,,,0.489156627,0.611250145,,,
24.39,57976.07857,,,,0.489759036,0.611783223,,,
24.42,58026.57931,,,,0.490361446,0.612316124,,,
24.45,58077.06327,,,,0.490963855,0.612848848,,,
24.48,58127.53046,,,,0.491566265,0.613381395,,,
24.51,58177.98087,,,,0.492168675,0.613913765,,,
24.54,58228.41451,,,,0.492771084,0.614445957,,,
24.57,58278.83138,,,,0.493373494,0.614977973,,,
24.6,58329.23147,,,,0.493975904,0.615509812,,,
24.63,58379.6148,,,,0.494578313,0.616041474,,,
24.66,58429.98135,,,,0.495180723,0.616572959,,,
24.69,58480.33114,,,,0.495783133,0.617104267,,,
24.72,58530.66415,,,,0.496385542,0.617635398,,,
24.75,58580.9804,,,,0.496987952,0.618166352,,,
24.78,58631.27988,,,,0.497590361,0.618697129,,,
24.81,58681.5626,,,,0.498192771,0.61922773,,,
24.84,58731.82855,,,,0.498795181,0.619758153,,,
24.87,58782.07773,,,,0.49939759,0.620288399,,,
24.9,58832.31015,,,,0.5,0.620818469,,,
24.93,58882.52581,,,,0.50060241,0.621348361,,,
24.96,58932.7247,,,,0.501204819,0.621878077,,,
24.99,58982.90683,,,,0.501807229,0.622407616,,,
25.02,59033.0722,,,,0.502409639,0.622936978,,,
25.05,59083.22081,,,,0.503012048,0.623466163,,,
25.08,59133.35266,,,,0.503614458,0.623995171,,,
25.11,59183.46775,,,,0.504216867,0.624524003,,,
25.14,59233.56609,,,,0.504819277,0.625052657,,,
25.17,59283.64766,,,,0.505421687,0.625581135,,,
25.2,59333.71248,,,,0.506024096,0.626109436,,,
25.23,59383.76055,,,,0.506626506,0.62663756,,,
25.26,59433.79186,,,,0.507228916,0.627165508,,,
25.29,59483.80641,,,,0.507831325,0.627693278,,,
25.32,59533.80421,,,,0.508433735,0.628220872,,,
25.35,59583.78526,,,,0.509036145,0.628748289,,,
25.38,59633.74956,,,,0.509638554,0.629275529,,,
25.41,59683.6971,,,,0.510240964,0.629802592,,,
25.44,59733.62789,,,,0.510843373,0.630329479,,,
25.47,59783.54194,,,,0.511445783,0.630856189,,,
25.5,59833.43923,,,,0.512048193,0.631382722,,,
25.53,59883.31978,,,,0.512650602,0.631909078,,,
25.56,59933.18358,,,,0.513253012,0.632435258,,,
25.59,59983.03063,,,,0.513855422,0.632961261,,,
25.62,60032.86094,,,,0.514457831,0.633487087,,,
25.65,60082.6745,,,,0.515060241,0.634012737,,,
25.68,60132.47131,,,,0.515662651,0.63453821,,,
25.71,60182.25138,,,,0.51626506,0.635063506,,,
25.74,60232.01471,,,,0.51686747,0.635588625,,,
25.77,60281.7613,,,,0.51746988,0.636113568,,,
25.8,60331.49114,,,,0.518072289,0.636638334,,,
25.83,60381.20425,,,,0.518674699,0.637162924,,,
25.86,60430.90061,,,,0.519277108,0.637687337,,,
25.89,60480.58023,,,,0.519879518,0.638211573,,,
25.92,60530.24312,,,,0.520481928,0.638735633,,,
25.95,60579.88926,,,,0.521084337,0.639259516,,,
25.98,60629.51867,,,,0.521686747,0.639783222,,,
26.01,60679.13134,,,,0.522289157,0.640306752,,,
26.04,60728.72728,,,,0.522891566,0.640830105,,,
26.07,60778.30648,,,,0.523493976,0.641353281,,,
26.1,60827.86895,,,,0.524096386,0.641876281,,,
26.13,60877.41468,,,,0.524698795,0.642399105,,,
26.16,60926.94368,,,,0.525301205,0.642921751,,,
26.19,60976.45595,,,,0.525903614,0.643444222,,,
26.22,61025.95148,,,,0.526506024,0.643966515,,,
26.25,61075.43029,,,,0.527108434,0.644488632,,,
26.28,61124.89236,,,,0.527710843,0.645010573,,,
26.31,61174.33771,,,,0.528313253,0.645532337,,,
26.34,61223.76633,,,,0.528915663,0.646053925,,,
26.37,61273.17822,,,,0.529518072,0.646575336,,,
26.4,61322.57338,,,,0.530120482,0.64709657,,,
26.43,61371.95181,,,,0.530722892,0.647617628,,,
26.46,61421.31352,,,,0.531325301,0.648138509,,,
26.49,61470.65851,,,,0.531927711,0.648659215,,,
26.52,61519.98677,,,,0.53253012,0.649179743,,,
26.55,61569.2983,,,,0.53313253,0.649700095,,,
26.58,61618.59312,,,,0.53373494,0.650220271,,,
26.61,61667.87121,,,,0.534337349,0.65074027,,,
26.64,61717.13258,,,,0.534939759,0.651260092,,,
26.67,61766.37722,,,,0.535542169,0.651779739,,,
26.7,61815.60515,,,,0.536144578,0.652299208,,,
26.73,61864.81636,,,,0.536746988,0.652818502,,,
26.76,61914.01085,,,,0.537349398,0.653337619,,,
26.79,61963.18862,,,,0.537951807,0.653856559,,,
26.82,62012.34968,,,,0.538554217,0.654375323,,,
26.85,62061.49402,,,,0.539156627,0.654893911,,,
26.88,62110.62164,,,,0.539759036,0.655412322,,,
26.91,62159.73254,,,,0.540361446,0.655930557,,,
26.94,62208.82674,,,,0.540963855,0.656448616,,,
26.97,62257.90422,,,,0.541566265,0.656966498,,,
27,62306.96498,,,,0.542168675,0.657484204,,,
27.03,62356.00903,,,,0.542771084,0.658001733,,,
27.06,62405.03638,,,,0.543373494,0.658519086,,,
27.09,62454.04701,,,,0.543975904,0.659036263,,,
27.12,62503.04093,,,,0.544578313,0.659553264,,,
27.15,62552.01814,,,,0.545180723,0.660070088,,,
27.18,62600.97864,,,,0.545783133,0.660586735,,,
27.21,62649.92243,,,,0.546385542,0.661103207,,,
27.24,62698.84952,,,,0.546987952,0.661619502,,,
27.27,62747.75989,,,,0.547590361,0.662135621,,,
27.3,62796.65357,,,,0.548192771,0.662651564,,,
27.33,62845.53053,,,,0.548795181,0.66316733,,,
27.36,62894.3908,,,,0.54939759,0.66368292,,,
27.39,62943.23435,,,,0.55,0.664198334,,,
27.42,62992.06121,,,,0.55060241,0.664713571,,,
27.45,63040.87136,,,,0.551204819,0.665228632,,,
27.48,63089.66481,,,,0.551807229,0.665743518,,,
27.51,63138.44156,,,,0.552409639,0.666258226,,,
27.54,63187.20161,,,,0.553012048,0.666772759,,,
27.57,63235.94496,,,,0.553614458,0.667287115,,,
27.6,63284.67161,,,,0.554216867,0.667801295,,,
27.63,63333.38156,,,,0.554819277,0.668315299,,,
27.66,63382.07481,,,,0.555421687,0.668829127,,,
27.69,63430.75136,,,,0.556024096,0.669342778,,,
27.72,63479.41122,,,,0.556626506,0.669856254,,,
27.75,63528.05438,,,,0.557228916,0.670369553,,,
27.78,63576.68085,,,,0.557831325,0.670882676,,,
27.81,63625.29062,,,,0.558433735,0.671395623,,,
27.84,63673.8837,,,,0.559036145,0.671908393,,,
27.87,63722.46009,,,,0.559638554,0.672420988,,,
27.9,63771.01978,,,,0.560240964,0.672933406,,,
27.93,63819.56278,,,,0.560843373,0.673445648,,,
27.96,63868.08909,,,,0.561445783,0.673957714,,,
27.99,63916.59871,,,,0.562048193,0.674469604,,,
28.02,63965.09164,,,,0.562650602,0.674981318,,,
28.05,64013.56788,,,,0.563253012,0.675492856,,,
28.08,64062.02744,,,,0.563855422,0.676004217,,,
28.11,64110.4703,,,,0.564457831,0.676515403,,,
28.14,64158.89648,,,,0.565060241,0.677026412,,,
28.17,64207.30597,,,,0.565662651,0.677537246,,,
28.2,64255.69877,,,,0.56626506,0.678047903,,,
28.23,64304.07489,,,,0.56686747,0.678558384,,,
28.26,64352.43433,,,,0.56746988,0.679068689,,,
28.29,64400.77708,,,,0.568072289,0.679578818,,,
28.32,64449.10315,,,,0.568674699,0.680088771,,,
28.35,64497.41254,,,,0.569277108,0.680598548,,,
28.38,64545.70524,,,,0.569879518,0.681108149,,,
28.41,64593.98126,,,,0.570481928,0.681617574,,,
28.44,64642.24061,,,,0.571084337,0.682126823,,,
28.47,64690.48327,,,,0.571686747,0.682635896,,,
28.5,64738.70925,,,,0.572289157,0.683144793,,,
28.53,64786.91856,,,,0.572891566,0.683653514,,,
28.56,64835.11119,,,,0.573493976,0.684162059,,,
28.59,64883.28714,,,,0.574096386,0.684670428,,,
28.62,64931.44641,,,,0.574698795,0.685178621,,,
28.65,64979.58901,,,,0.575301205,0.685686638,,,
28.68,65027.71493,,,,0.575903614,0.686194479,,,
28.71,65075.82418,,,,0.576506024,0.686702144,,,
28.74,65123.91675,,,,0.577108434,0.687209633,,,
28.77,65171.99266,,,,0.577710843,0.687716946,,,
28.8,65220.05188,,,,0.578313253,0.688224084,,,
28.83,65268.09444,,,,0.578915663,0.688731045,,,
28.86,65316.12033,,,,0.579518072,0.68923783,,,
28.89,65364.12954,,,,0.580120482,0.68974444,,,
28.92,65412.12209,,,,0.580722892,0.690250874,,,
28.95,65460.09796,,,,0.581325301,0.690757131,,,
28.98,65508.05717,,,,0.581927711,0.691263213,,,
29.01,65555.99971,,,,0.58253012,0.691769119,,,
29.04,65603.92558,,,,0.58313253,0.692274849,,,
29.07,65651.83478,,,,0.58373494,0.692780403,,,
29.1,65699.72732,,,,0.584337349,0.693285781,,,
29.13,65747.60319,,,,0.584939759,0.693790984,,,
29.16,65795.4624,,,,0.585542169,0.69429601,,,
29.19,65843.30494,,,,0.586144578,0.694800861,,,
29.22,65891.13082,,,,0.586746988,0.695305536,,,
29.25,65938.94004,,,,0.587349398,0.695810035,,,
29.28,65986.7326,,,,0.587951807,0.696314358,,,
29.31,66034.50849,,,,0.588554217,0.696818506,,,
29.34,66082.26772,,,,0.589156627,0.697322477,,,
29.37,66130.0103,,,,0.589759036,0.697826273,,,
29.4,66177.73621,,,,0.590361446,0.698329893,,,
29.43,66225.44546,,,,0.590963855,0.698833337,,,
29.46,66273.13806,,,,0.591566265,0.699336606,,,
29.49,66320.81399,,,,0.592168675,0.699839698,,,
29.52,66368.47328,,,,0.592771084,0.700342615,,,
29.55,66416.1159,,,,0.593373494,0.700845356,,,
29.58,66463.74187,,,,0.593975904,0.701347922,,,
29.61,66511.35118,,,,0.594578313,0.701850311,,,
29.64,66558.94384,,,,0.595180723,0.702352525,,,
29.67,66606.51984,,,,0.595783133,0.702854563,,,
29.7,66654.07919,,,,0.596385542,0.703356426,,,
29.73,66701.62189,,,,0.596987952,0.703858112,,,
29.76,66749.14794,,,,0.597590361,0.704359623,,,
29.79,66796.65733,,,,0.598192771,0.704860958,,,
29.82,66844.15007,,,,0.598795181,0.705362118,,,
29.85,66891.62617,,,,0.59939759,0.705863102,,,
29.88,66939.08561,,,,0.6,0.70636391,,,
29.91,66986.52841,,,,0.60060241,0.706864542,,,
29.94,67033.95455,,,,0.601204819,0.707364999,,,
29.97,67081.36405,,,,0.601807229,0.70786528,,,
30,67128.7569,,,,0.602409639,0.708365386,,,
30.03,67176.13311,,,,0.603012048,0.708865315,,,
30.06,67223.49267,,,,0.603614458,0.70936507,,,
30.09,67270.83558,,,,0.604216867,0.709864648,,,
30.12,67318.16185,,,,0.604819277,0.710364051,,,
30.15,67365.47148,,,,0.605421687,0.710863278,,,
30.18,67412.76446,,,,0.606024096,0.71136233,,,
30.21,67460.0408,,,,0.606626506,0.711861206,,,
30.24,67507.3005,,,,0.607228916,0.712359906,,,
30.27,67554.54355,,,,0.607831325,0.712858431,,,
30.3,67601.76997,,,,0.608433735,0.71335678,,,
30.33,67648.97974,,,,0.609036145,0.713854953,,,
30.36,67696.17288,,,,0.609638554,0.714352951,,,
30.39,67743.34937,,,,0.610240964,0.714850774,,,
30.42,67790.50923,,,,0.610843373,0.71534842,,,
30.45,67837.65245,,,,0.611445783,0.715845892,,,
30.48,67884.77904,,,,0.612048193,0.716343187,,,
30.51,67931.88898,,,,0.612650602,0.716840307,,,
30.54,67978.98229,,,,0.613253012,0.717337252,,,
30.57,68026.05897,,,,0.613855422,0.717834021,,,
30.6,68073.11901,,,,0.614457831,0.718330615,,,
30.63,68120.16241,,,,0.615060241,0.718827032,,,
30.66,68167.18919,,,,0.615662651,0.719323275,,,
30.69,68214.19933,,,,0.61626506,0.719819342,,,
30.72,68261.19283,,,,0.61686747,0.720315233,,,
30.75,68308.16971,,,,0.61746988,0.720810949,,,
30.78,68355.12995,,,,0.618072289,0.72130649,,,
30.81,68402.07357,,,,0.618674699,0.721801855,,,
30.84,68449.00055,,,,0.619277108,0.722297044,,,
30.87,68495.91091,,,,0.619879518,0.722792058,,,
30.9,68542.80463,,,,0.620481928,0.723286896,,,
30.93,68589.68173,,,,0.621084337,0.723781559,,,
30.96,68636.5422,,,,0.621686747,0.724276047,,,
30.99,68683.38604,,,,0.622289157,0.724770359,,,
31.02,68730.21326,,,,0.622891566,0.725264496,,,
31.05,68777.02385,,,,0.623493976,0.725758457,,,
31.08,68823.81782,,,,0.624096386,0.726252243,,,
31.11,68870.59516,,,,0.624698795,0.726745853,,,
31.14,68917.35588,,,,0.625301205,0.727239288,,,
31.17,68964.09998,,,,0.625903614,0.727732548,,,
31.2,69010.82745,,,,0.626506024,0.728225632,,,
31.23,69057.5383,,,,0.627108434,0.72871854,,,
31.26,69104.23253,,,,0.627710843,0.729211274,,,
31.29,69150.91014,,,,0.628313253,0.729703832,,,
31.32,69197.57113,,,,0.628915663,0.730196214,,,
31.35,69244.21549,,,,0.629518072,0.730688421,,,
31.38,69290.84324,,,,0.630120482,0.731180453,,,
31.41,69337.45437,,,,0.630722892,0.73167231,,,
31.44,69384.04889,,,,0.631325301,0.732163991,,,
31.47,69430.62678,,,,0.631927711,0.732655496,,,
31.5,69477.18806,,,,0.63253012,0.733146827,,,
31.53,69523.73272,,,,0.63313253,0.733637982,,,
31.56,69570.26077,,,,0.63373494,0.734128962,,,
31.59,69616.7722,,,,0.634337349,0.734619766,,,
31.62,69663.26702,,,,0.634939759,0.735110395,,,
31.65,69709.74522,,,,0.635542169,0.735600849,,,
31.68,69756.20681,,,,0.636144578,0.736091127,,,
31.71,69802.65179,,,,0.636746988,0.73658123,,,
31.74,69849.08016,,,,0.637349398,0.737071158,,,
31.77,69895.49191,,,,0.637951807,0.737560911,,,
31.8,69941.88705,,,,0.638554217,0.738050488,,,
31.83,69988.26559,,,,0.639156627,0.73853989,,,
31.86,70034.62751,,,,0.639759036,0.739029117,,,
31.89,70080.97282,,,,0.640361446,0.739518168,,,
31.92,70127.30153,,,,0.640963855,0.740007044,,,
31.95,70173.61363,,,,0.641566265,0.740495745,,,
31.98,70219.90912,,,,0.642168675,0.740984271,,,
32.01,70266.188,,,,0.642771084,0.741472622,,,
32.04,70312.45028,,,,0.643373494,0.741960797,,,
32.07,70358.69595,,,,0.643975904,0.742448797,,,
32.1,70404.92502,,,,0.644578313,0.742936622,,,
32.13,70451.13748,,,,0.645180723,0.743424271,,,
32.16,70497.33334,,,,0.645783133,0.743911746,,,
32.19,70543.51259,,,,0.646385542,0.744399045,,,
32.22,70589.67525,,,,0.646987952,0.744886169,,,
32.25,70635.8213,,,,0.647590361,0.745373117,,,
32.28,70681.95074,,,,0.648192771,0.745859891,,,
32.31,70728.06359,,,,0.648795181,0.746346489,,,
32.34,70774.15984,,,,0.64939759,0.746832913,,,
32.37,70820.23949,,,,0.65,0.747319161,,,
32.4,70866.30253,,,,0.65060241,0.747805233,,,
32.43,70912.34898,,,,0.651204819,0.748291131,,,
32.46,70958.37883,,,,0.651807229,0.748776854,,,
32.49,71004.39209,,,,0.652409639,0.749262401,,,
32.52,71050.38874,,,,0.653012048,0.749747773,,,
32.55,71096.3688,,,,0.653614458,0.750232971,,,
32.58,71142.33227,,,,0.654216867,0.750717993,,,
32.61,71188.27914,,,,0.654819277,0.75120284,,,
32.64,71234.20941,,,,0.655421687,0.751687511,,,
32.67,71280.12309,,,,0.656024096,0.752172008,,,
32.7,71326.02018,,,,0.656626506,0.75265633,,,
32.73,71371.90067,,,,0.657228916,0.753140476,,,
32.76,71417.76457,,,,0.657831325,0.753624448,,,
32.79,71463.61188,,,,0.658433735,0.754108244,,,
32.82,71509.44259,,,,0.659036145,0.754591865,,,
32.85,71555.25672,,,,0.659638554,0.755075311,,,
32.88,71601.05426,,,,0.660240964,0.755558583,,,
32.91,71646.8352,,,,0.660843373,0.756041679,,,
32.94,71692.59956,,,,0.661445783,0.7565246,,,
32.97,71738.34733,,,,0.662048193,0.757007346,,,
33,71784.07851,,,,0.662650602,0.757489916,,,
33.03,71829.7931,,,,0.663253012,0.757972312,,,
33.06,71875.49111,,,,0.663855422,0.758454533,,,
33.09,71921.17253,,,,0.664457831,0.758936579,,,
33.12,71966.83736,,,,0.665060241,0.75941845,,,
33.15,72012.48561,,,,0.665662651,0.759900146,,,
33.18,72058.11727,,,,0.66626506,0.760381666,,,
33.21,72103.73236,,,,0.66686747,0.760863012,,,
33.24,72149.33085,,,,0.66746988,0.761344183,,,
33.27,72194.91277,,,,0.668072289,0.761825179,,,
33.3,72240.4781,,,,0.668674699,0.762306,,,
33.33,72286.02685,,,,0.669277108,0.762786645,,,
33.36,72331.55901,,,,0.669879518,0.763267116,,,
33.39,72377.0746,,,,0.670481928,0.763747412,,,
33.42,72422.57361,,,,0.671084337,0.764227533,,,
33.45,72468.05603,,,,0.671686747,0.764707479,,,
33.48,72513.52188,,,,0.672289157,0.76518725,,,
33.51,72558.97115,,,,0.672891566,0.765666846,,,
33.54,72604.40384,,,,0.673493976,0.766146267,,,
33.57,72649.81996,,,,0.674096386,0.766625514,,,
33.6,72695.21949,,,,0.674698795,0.767104585,,,
33.63,72740.60245,,,,0.675301205,0.767583481,,,
33.66,72785.96884,,,,0.675903614,0.768062203,,,
33.69,72831.31865,,,,0.676506024,0.768540749,,,
33.72,72876.65188,,,,0.677108434,0.769019121,,,
33.75,72921.96854,,,,0.677710843,0.769497318,,,
33.78,72967.26863,,,,0.678313253,0.769975339,,,
33.81,73012.55214,,,,0.678915663,0.770453186,,,
33.84,73057.81908,,,,0.679518072,0.770930859,,,
33.87,73103.06945,,,,0.680120482,0.771408356,,,
33.9,73148.30325,,,,0.680722892,0.771885678,,,
33.93,73193.52048,,,,0.681325301,0.772362826,,,
33.96,73238.72113,,,,0.681927711,0.772839798,,,
33.99,73283.90522,,,,0.68253012,0.773316596,,,
34.02,73329.07274,,,,0.68313253,0.773793219,,,
34.05,73374.22369,,,,0.68373494,0.774269667,,,
34.08,73419.35807,,,,0.684337349,0.77474594,,,
34.11,73464.47588,,,,0.684939759,0.775222039,,,
34.14,73509.57712,,,,0.685542169,0.775697962,,,
34.17,73554.6618,,,,0.686144578,0.776173711,,,
34.2,73599.72991,,,,0.686746988,0.776649285,,,
34.23,73644.78146,,,,0.687349398,0.777124684,,,
34.26,73689.81644,,,,0.687951807,0.777599909,,,
34.29,73734.83486,,,,0.688554217,0.778074958,,,
34.32,73779.83671,,,,0.689156627,0.778549833,,,
34.35,73824.822,,,,0.689759036,0.779024533,,,
34.38,73869.79073,,,,0.690361446,0.779499058,,,
34.41,73914.74289,,,,0.690963855,0.779973409,,,
34.44,73959.67849,,,,0.691566265,0.780447585,,,
34.47,74004.59754,,,,0.692168675,0.780921586,,,
34.5,74049.50002,,,,0.692771084,0.781395412,,,
34.53,74094.38594,,,,0.693373494,0.781869063,,,
34.56,74139.2553,,,,0.693975904,0.78234254,,,
34.59,74184.1081,,,,0.694578313,0.782815842,,,
34.62,74228.94434,,,,0.695180723,0.783288969,,,
34.65,74273.76403,,,,0.695783133,0.783761922,,,
34.68,74318.56715,,,,0.696385542,0.784234699,,,
34.71,74363.35372,,,,0.696987952,0.784707302,,,
34.74,74408.12374,,,,0.697590361,0.785179731,,,
34.77,74452.87719,,,,0.698192771,0.785651984,,,
34.8,74497.6141,,,,0.698795181,0.786124063,,,
34.83,74542.33444,,,,0.69939759,0.786595968,,,
34.86,74587.03823,,,,0.7,0.787067697,,,
34.89,74631.72547,,,,0.70060241,0.787539252,,,
34.92,74676.39616,,,,0.701204819,0.788010632,,,
34.95,74721.05029,,,,0.701807229,0.788481838,,,
34.98,74765.68787,,,,0.702409639,0.788952869,,,
35.01,74810.3089,,,,0.703012048,0.789423725,,,
35.04,74854.91337,,,,0.703614458,0.789894406,,,
35.07,74899.5013,,,,0.704216867,0.790364913,,,
35.1,74944.07268,,,,0.704819277,0.790835246,,,
35.13,74988.6275,,,,0.705421687,0.791305403,,,
35.16,75033.16578,,,,0.706024096,0.791775386,,,
35.19,75077.68751,,,,0.706626506,0.792245195,,,
35.22,75122.19269,,,,0.707228916,0.792714828,,,
35.25,75166.68132,,,,0.707831325,0.793184287,,,
35.28,75211.1534,,,,0.708433735,0.793653572,,,
35.31,75255.60894,,,,0.709036145,0.794122682,,,
35.34,75300.04793,,,,0.709638554,0.794591617,,,
35.37,75344.47038,,,,0.710240964,0.795060378,,,
35.4,75388.87628,,,,0.710843373,0.795528964,,,
35.43,75433.26564,,,,0.711445783,0.795997375,,,
35.46,75477.63845,,,,0.712048193,0.796465612,,,
35.49,75521.99472,,,,0.712650602,0.796933675,,,
35.52,75566.33445,,,,0.713253012,0.797401563,,,
35.55,75610.65763,,,,0.713855422,0.797869276,,,
35.58,75654.96427,,,,0.714457831,0.798336814,,,
35.61,75699.25437,,,,0.715060241,0.798804179,,,
35.64,75743.52793,,,,0.715662651,0.799271368,,,
35.67,75787.78495,,,,0.71626506,0.799738383,,,
35.7,75832.02543,,,,0.71686747,0.800205224,,,
35.73,75876.24937,,,,0.71746988,0.80067189,,,
35.76,75920.45677,,,,0.718072289,0.801138381,,,
35.79,75964.64763,,,,0.718674699,0.801604698,,,
35.82,76008.82195,,,,0.719277108,0.802070841,,,
35.85,76052.97974,,,,0.719879518,0.802536809,,,
35.88,76097.12099,,,,0.720481928,0.803002602,,,
35.91,76141.2457,,,,0.721084337,0.803468221,,,
35.94,76185.35388,,,,0.721686747,0.803933665,,,
35.97,76229.44552,,,,0.722289157,0.804398935,,,
36,76273.52062,,,,0.722891566,0.804864031,,,
36.03,76317.5792,,,,0.723493976,0.805328952,,,
36.06,76361.62123,,,,0.724096386,0.805793698,,,
36.09,76405.64674,,,,0.724698795,0.80625827,,,
36.12,76449.65571,,,,0.725301205,0.806722668,,,
36.15,76493.64815,,,,0.725903614,0.807186891,,,
36.18,76537.62406,,,,0.726506024,0.80765094,,,
36.21,76581.58343,,,,0.727108434,0.808114814,,,
36.24,76625.52628,,,,0.727710843,0.808578514,,,
36.27,76669.45259,,,,0.728313253,0.809042039,,,
36.3,76713.36238,,,,0.728915663,0.80950539,,,
36.33,76757.25563,,,,0.729518072,0.809968566,,,
36.36,76801.13236,,,,0.730120482,0.810431568,,,
36.39,76844.99256,,,,0.730722892,0.810894396,,,
36.42,76888.83623,,,,0.731325301,0.811357049,,,
36.45,76932.66337,,,,0.731927711,0.811819528,,,
36.48,76976.47399,,,,0.73253012,0.812281833,,,
36.51,77020.26808,,,,0.73313253,0.812743963,,,
36.54,77064.04564,,,,0.73373494,0.813205918,,,
36.57,77107.80668,,,,0.734337349,0.8136677,,,
36.6,77151.55119,,,,0.734939759,0.814129307,,,
36.63,77195.27918,,,,0.735542169,0.814590739,,,
36.66,77238.99064,,,,0.736144578,0.815051997,,,
36.69,77282.68559,,,,0.736746988,0.815513081,,,
36.72,77326.364,,,,0.737349398,0.815973991,,,
36.75,77370.0259,,,,0.737951807,0.816434726,,,
36.78,77413.67127,,,,0.738554217,0.816895287,,,
36.81,77457.30013,,,,0.739156627,0.817355673,,,
36.84,77500.91246,,,,0.739759036,0.817815885,,,
36.87,77544.50827,,,,0.740361446,0.818275923,,,
36.9,77588.08756,,,,0.740963855,0.818735786,,,
36.93,77631.65033,,,,0.741566265,0.819195475,,,
36.96,77675.19658,,,,0.742168675,0.81965499,,,
36.99,77718.72631,,,,0.742771084,0.820114331,,,
37.02,77762.23953,,,,0.743373494,0.820573497,,,
37.05,77805.73623,,,,0.743975904,0.821032489,,,
37.08,77849.21641,,,,0.744578313,0.821491306,,,
37.11,77892.68007,,,,0.745180723,0.82194995,,,
37.14,77936.12722,,,,0.745783133,0.822408419,,,
37.17,77979.55785,,,,0.746385542,0.822866713,,,
37.2,78022.97197,,,,0.746987952,0.823324834,,,
37.23,78066.36957,,,,0.747590361,0.82378278,,,
37.26,78109.75066,,,,0.748192771,0.824240552,,,
37.29,78153.11523,,,,0.748795181,0.82469815,,,
37.32,78196.4633,,,,0.74939759,0.825155573,,,
37.35,78239.79484,,,,0.75,0.825612822,,,
37.38,78283.10988,,,,0.75060241,0.826069897,,,
37.41,78326.4084,,,,0.751204819,0.826526798,,,
37.44,78369.69042,,,,0.751807229,0.826983525,,,
37.47,78412.95592,,,,0.752409639,0.827440077,,,
37.5,78456.20491,,,,0.753012048,0.827896455,,,
37.53,78499.43739,,,,0.753614458,0.828352659,,,
37.56,78542.65337,,,,0.754216867,0.828808688,,,
37.59,78585.85283,,,,0.754819277,0.829264544,,,
37.62,78629.03578,,,,0.755421687,0.829720225,,,
37.65,78672.20223,,,,0.756024096,0.830175732,,,
37.68,78715.35217,,,,0.756626506,0.830631064,,,
37.71,78758.4856,,,,0.757228916,0.831086223,,,
37.74,78801.60253,,,,0.757831325,0.831541207,,,
37.77,78844.70295,,,,0.758433735,0.831996018,,,
37.8,78887.78686,,,,0.759036145,0.832450654,,,
37.83,78930.85427,,,,0.759638554,0.832905116,,,
37.86,78973.90518,,,,0.760240964,0.833359403,,,
37.89,79016.93958,,,,0.760843373,0.833813517,,,
37.92,79059.95748,,,,0.761445783,0.834267456,,,
37.95,79102.95887,,,,0.762048193,0.834721222,,,
37.98,79145.94376,,,,0.762650602,0.835174813,,,
38.01,79188.91215,,,,0.763253012,0.83562823,,,
38.04,79231.86403,,,,0.763855422,0.836081473,,,
38.07,79274.79942,,,,0.764457831,0.836534541,,,
38.1,79317.7183,,,,0.765060241,0.836987436,,,
38.13,79360.62069,,,,0.765662651,0.837440156,,,
38.16,79403.50657,,,,0.76626506,0.837892703,,,
38.19,79446.37596,,,,0.76686747,0.838345075,,,
38.22,79489.22884,,,,0.76746988,0.838797273,,,
38.25,79532.06523,,,,0.768072289,0.839249297,,,
38.28,79574.88512,,,,0.768674699,0.839701147,,,
38.31,79617.68851,,,,0.769277108,0.840152823,,,
38.34,79660.4754,,,,0.769879518,0.840604325,,,
38.37,79703.2458,,,,0.770481928,0.841055653,,,
38.4,79745.9997,,,,0.771084337,0.841506806,,,
38.43,79788.73711,,,,0.771686747,0.841957786,,,
38.46,79831.45802,,,,0.772289157,0.842408591,,,
38.49,79874.16243,,,,0.772891566,0.842859223,,,
38.52,79916.85036,,,,0.773493976,0.84330968,,,
38.55,79959.52178,,,,0.774096386,0.843759964,,,
38.58,80002.17672,,,,0.774698795,0.844210073,,,
38.61,80044.81516,,,,0.775301205,0.844660008,,,
38.64,80087.43711,,,,0.775903614,0.84510977,,,
38.67,80130.04256,,,,0.776506024,0.845559357,,,
38.7,80172.63153,,,,0.777108434,0.84600877,,,
38.73,80215.204,,,,0.777710843,0.846458009,,,
38.76,80257.75998,,,,0.778313253,0.846907074,,,
38.79,80300.29948,,,,0.778915663,0.847355965,,,
38.82,80342.82248,,,,0.779518072,0.847804683,,,
38.85,80385.32899,,,,0.780120482,0.848253226,,,
38.88,80427.81902,,,,0.780722892,0.848701595,,,
38.91,80470.29255,,,,0.781325301,0.84914979,,,
38.94,80512.7496,,,,0.781927711,0.849597811,,,
38.97,80555.19016,,,,0.78253012,0.850045658,,,
39,80597.61424,,,,0.78313253,0.850493331,,,
39.03,80640.02182,,,,0.78373494,0.850940831,,,
39.06,80682.41293,,,,0.784337349,0.851388156,,,
39.09,80724.78754,,,,0.784939759,0.851835307,,,
39.12,80767.14567,,,,0.785542169,0.852282285,,,
39.15,80809.48732,,,,0.786144578,0.852729088,,,
39.18,80851.81248,,,,0.786746988,0.853175717,,,
39.21,80894.12116,,,,0.787349398,0.853622173,,,
39.24,80936.41335,,,,0.787951807,0.854068454,,,
39.27,80978.68906,,,,0.788554217,0.854514562,,,
39.3,81020.94829,,,,0.789156627,0.854960496,,,
39.33,81063.19104,,,,0.789759036,0.855406256,,,
39.36,81105.4173,,,,0.790361446,0.855851841,,,
39.39,81147.62709,,,,0.790963855,0.856297253,,,
39.42,81189.82039,,,,0.791566265,0.856742491,,,
39.45,81231.99722,,,,0.792168675,0.857187556,,,
39.48,81274.15756,,,,0.792771084,0.857632446,,,
39.51,81316.30142,,,,0.793373494,0.858077162,,,
39.54,81358.42881,,,,0.793975904,0.858521705,,,
39.57,81400.53972,,,,0.794578313,0.858966073,,,
39.6,81442.63414,,,,0.795180723,0.859410268,,,
39.63,81484.7121,,,,0.795783133,0.859854289,,,
39.66,81526.77357,,,,0.796385542,0.860298136,,,
39.69,81568.81857,,,,0.796987952,0.860741809,,,
39.72,81610.84709,,,,0.797590361,0.861185308,,,
39.75,81652.85914,,,,0.798192771,0.861628633,,,
39.78,81694.85471,,,,0.798795181,0.862071785,,,
39.81,81736.8338,,,,0.79939759,0.862514762,,,
39.84,81778.79642,,,,0.8,0.862957566,,,
39.87,81820.74257,,,,0.80060241,0.863400196,,,
39.9,81862.67224,,,,0.801204819,0.863842652,,,
39.93,81904.58544,,,,0.801807229,0.864284934,,,
39.96,81946.48217,,,,0.802409639,0.864727043,,,
39.99,81988.36243,,,,0.803012048,0.865168978,,,
40.02,82030.22621,,,,0.803614458,0.865610738,,,
40.05,82072.07352,,,,0.804216867,0.866052325,,,
40.08,82113.90437,,,,0.804819277,0.866493739,,,
40.11,82155.71874,,,,0.805421687,0.866934978,,,
40.14,82197.51664,,,,0.806024096,0.867376044,,,
40.17,82239.29807,,,,0.806626506,0.867816935,,,
40.2,82281.06303,,,,0.807228916,0.868257653,,,
40.23,82322.81153,,,,0.807831325,0.868698198,,,
40.26,82364.54355,,,,0.808433735,0.869138568,,,
40.29,82406.25911,,,,0.809036145,0.869578765,,,
40.32,82447.9582,,,,0.809638554,0.870018788,,,
40.35,82489.64082,,,,0.810240964,0.870458637,,,
40.38,82531.30698,,,,0.810843373,0.870898312,,,
40.41,82572.95667,,,,0.811445783,0.871337814,,,
40.44,82614.5899,,,,0.812048193,0.871777142,,,
40.47,82656.20666,,,,0.812650602,0.872216296,,,
40.5,82697.80695,,,,0.813253012,0.872655276,,,
40.53,82739.39078,,,,0.813855422,0.873094083,,,
40.56,82780.95815,,,,0.814457831,0.873532716,,,
40.59,82822.50905,,,,0.815060241,0.873971175,,,
40.62,82864.04349,,,,0.815662651,0.874409461,,,
40.65,82905.56147,,,,0.81626506,0.874847573,,,
40.68,82947.06299,,,,0.81686747,0.875285511,,,
40.71,82988.54804,,,,0.81746988,0.875723275,,,
40.74,83030.01663,,,,0.818072289,0.876160866,,,
40.77,83071.46877,,,,0.818674699,0.876598283,,,
40.8,83112.90444,,,,0.819277108,0.877035526,,,
40.83,83154.32365,,,,0.819879518,0.877472595,,,
40.86,83195.7264,,,,0.820481928,0.877909491,,,
40.89,83237.11269,,,,0.821084337,0.878346213,,,
40.92,83278.48253,,,,0.821686747,0.878782762,,,
40.95,83319.8359,,,,0.822289157,0.879219137,,,
40.98,83361.17282,,,,0.822891566,0.879655338,,,
41.01,83402.49328,,,,0.823493976,0.880091365,,,
41.04,83443.79728,,,,0.824096386,0.880527219,,,
41.07,83485.08483,,,,0.824698795,0.880962899,,,
41.1,83526.35592,,,,0.825301205,0.881398406,,,
41.13,83567.61055,,,,0.825903614,0.881833739,,,
41.16,83608.84873,,,,0.826506024,0.882268898,,,
41.19,83650.07046,,,,0.827108434,0.882703884,,,
41.22,83691.27573,,,,0.827710843,0.883138696,,,
41.25,83732.46454,,,,0.828313253,0.883573334,,,
41.28,83773.6369,,,,0.828915663,0.884007799,,,
41.31,83814.79281,,,,0.829518072,0.88444209,,,
41.34,83855.93227,,,,0.830120482,0.884876207,,,
41.37,83897.05527,,,,0.830722892,0.885310151,,,
41.4,83938.16182,,,,0.831325301,0.885743921,,,
41.43,83979.25192,,,,0.831927711,0.886177518,,,
41.46,84020.32557,,,,0.83253012,0.886610941,,,
41.49,84061.38277,,,,0.83313253,0.887044191,,,
41.52,84102.42352,,,,0.83373494,0.887477266,,,
41.55,84143.44782,,,,0.834337349,0.887910169,,,
41.58,84184.45567,,,,0.834939759,0.888342897,,,
41.61,84225.44707,,,,0.835542169,0.888775453,,,
41.64,84266.42202,,,,0.836144578,0.889207834,,,
41.67,84307.38052,,,,0.836746988,0.889640042,,,
41.7,84348.32258,,,,0.837349398,0.890072077,,,
41.73,84389.24819,,,,0.837951807,0.890503938,,,
41.76,84430.15735,,,,0.838554217,0.890935625,,,
41.79,84471.05006,,,,0.839156627,0.891367139,,,
41.82,84511.92633,,,,0.839759036,0.891798479,,,
41.85,84552.78615,,,,0.840361446,0.892229645,,,
41.88,84593.62953,,,,0.840963855,0.892660639,,,
41.91,84634.45646,,,,0.841566265,0.893091458,,,
41.94,84675.26695,,,,0.842168675,0.893522104,,,
41.97,84716.061,,,,0.842771084,0.893952577,,,
42,84756.8386,,,,0.843373494,0.894382876,,,
42.03,84797.59975,,,,0.843975904,0.894813002,,,
42.06,84838.34447,,,,0.844578313,0.895242954,,,
42.09,84879.07274,,,,0.845180723,0.895672732,,,
42.12,84919.78457,,,,0.845783133,0.896102337,,,
42.15,84960.47996,,,,0.846385542,0.896531769,,,
42.18,85001.15891,,,,0.846987952,0.896961027,,,
42.21,85041.82142,,,,0.847590361,0.897390111,,,
42.24,85082.46748,,,,0.848192771,0.897819022,,,
42.27,85123.09711,,,,0.848795181,0.89824776,,,
42.3,85163.7103,,,,0.84939759,0.898676324,,,
42.33,85204.30705,,,,0.85,0.899104715,,,
42.36,85244.88736,,,,0.85060241,0.899532932,,,
42.39,85285.45123,,,,0.851204819,0.899960976,,,
42.42,85325.99866,,,,0.851807229,0.900388846,,,
42.45,85366.52966,,,,0.852409639,0.900816543,,,
42.48,85407.04422,,,,0.853012048,0.901244066,,,
42.51,85447.54234,,,,0.853614458,0.901671416,,,
42.54,85488.02402,,,,0.854216867,0.902098592,,,
42.57,85528.48928,,,,0.854819277,0.902525595,,,
42.6,85568.93809,,,,0.855421687,0.902952425,,,
42.63,85609.37047,,,,0.856024096,0.903379081,,,
42.66,85649.78642,,,,0.856626506,0.903805564,,,
42.69,85690.18593,,,,0.857228916,0.904231873,,,
42.72,85730.569,,,,0.857831325,0.904658009,,,
42.75,85770.93565,,,,0.858433735,0.905083972,,,
42.78,85811.28586,,,,0.859036145,0.905509761,,,
42.81,85851.61964,,,,0.859638554,0.905935376,,,
42.84,85891.93699,,,,0.860240964,0.906360819,,,
42.87,85932.2379,,,,0.860843373,0.906786088,,,
42.9,85972.52238,,,,0.861445783,0.907211183,,,
42.93,86012.79044,,,,0.862048193,0.907636105,,,
42.96,86053.04206,,,,0.862650602,0.908060854,,,
42.99,86093.27725,,,,0.863253012,0.908485429,,,
43.02,86133.49601,,,,0.863855422,0.908909831,,,
43.05,86173.69834,,,,0.864457831,0.90933406,,,
43.08,86213.88425,,,,0.865060241,0.909758115,,,
43.11,86254.05372,,,,0.865662651,0.910181997,,,
43.14,86294.20677,,,,0.86626506,0.910605706,,,
43.17,86334.34339,,,,0.86686747,0.911029241,,,
43.2,86374.46358,,,,0.86746988,0.911452603,,,
43.23,86414.56734,,,,0.868072289,0.911875791,,,
43.26,86454.65468,,,,0.868674699,0.912298807,,,
43.29,86494.72559,,,,0.869277108,0.912721648,,,
43.32,86534.78008,,,,0.869879518,0.913144317,,,
43.35,86574.81814,,,,0.870481928,0.913566812,,,
43.38,86614.83978,,,,0.871084337,0.913989134,,,
43.41,86654.84499,,,,0.871686747,0.914411283,,,
43.44,86694.83377,,,,0.872289157,0.914833258,,,
43.47,86734.80614,,,,0.872891566,0.91525506,,,
43.5,86774.76208,,,,0.873493976,0.915676688,,,
43.53,86814.70159,,,,0.874096386,0.916098144,,,
43.56,86854.62469,,,,0.874698795,0.916519426,,,
43.59,86894.53136,,,,0.875301205,0.916940534,,,
43.62,86934.42161,,,,0.875903614,0.91736147,,,
43.65,86974.29544,,,,0.876506024,0.917782232,,,
43.68,87014.15285,,,,0.877108434,0.918202821,,,
43.71,87053.99383,,,,0.877710843,0.918623236,,,
43.74,87093.8184,,,,0.878313253,0.919043479,,,
43.77,87133.62655,,,,0.878915663,0.919463548,,,
43.8,87173.41827,,,,0.879518072,0.919883443,,,
43.83,87213.19358,,,,0.880120482,0.920303166,,,
43.86,87252.95247,,,,0.880722892,0.920722715,,,
43.89,87292.69494,,,,0.881325301,0.921142091,,,
43.92,87332.421,,,,0.881927711,0.921561294,,,
43.95,87372.13063,,,,0.88253012,0.921980324,,,
43.98,87411.82385,,,,0.88313253,0.92239918,,,
44.01,87451.50065,,,,0.88373494,0.922817863,,,
44.04,87491.16104,,,,0.884337349,0.923236373,,,
44.07,87530.80501,,,,0.884939759,0.923654709,,,
44.1,87570.43256,,,,0.885542169,0.924072873,,,
44.13,87610.0437,,,,0.886144578,0.924490863,,,
44.16,87649.63842,,,,0.886746988,0.92490868,,,
44.19,87689.21673,,,,0.887349398,0.925326324,,,
44.22,87728.77863,,,,0.887951807,0.925743794,,,
44.25,87768.32411,,,,0.888554217,0.926161091,,,
44.28,87807.85318,,,,0.889156627,0.926578216,,,
44.31,87847.36583,,,,0.889759036,0.926995166,,,
44.34,87886.86207,,,,0.890361446,0.927411944,,,
44.37,87926.34191,,,,0.890963855,0.927828549,,,
44.4,87965.80532,,,,0.891566265,0.92824498,,,
44.43,88005.25233,,,,0.892168675,0.928661238,,,
44.46,88044.68293,,,,0.892771084,0.929077323,,,
44.49,88084.09712,,,,0.893373494,0.929493235,,,
44.52,88123.49489,,,,0.893975904,0.929908974,,,
44.55,88162.87626,,,,0.894578313,0.930324539,,,
44.58,88202.24121,,,,0.895180723,0.930739932,,,
44.61,88241.58976,,,,0.895783133,0.931155151,,,
44.64,88280.9219,,,,0.896385542,0.931570197,,,
44.67,88320.23763,,,,0.896987952,0.93198507,,,
44.7,88359.53695,,,,0.897590361,0.93239977,,,
44.73,88398.81987,,,,0.898192771,0.932814296,,,
44.76,88438.08638,,,,0.898795181,0.93322865,,,
44.79,88477.33648,,,,0.89939759,0.93364283,,,
44.82,88516.57017,,,,0.9,0.934056837,,,
44.85,88555.78746,,,,0.90060241,0.934470671,,,
44.88,88594.98834,,,,0.901204819,0.934884332,,,
44.91,88634.17282,,,,0.901807229,0.93529782,,,
44.94,88673.34089,,,,0.902409639,0.935711135,,,
44.97,88712.49256,,,,0.903012048,0.936124277,,,
45,88751.62783,,,,0.903614458,0.936537245,,,
45.03,88790.74669,,,,0.904216867,0.936950041,,,
45.06,88829.84914,,,,0.904819277,0.937362663,,,
45.09,88868.9352,,,,0.905421687,0.937775113,,,
45.12,88908.00485,,,,0.906024096,0.938187389,,,
45.15,88947.0581,,,,0.906626506,0.938599492,,,
45.18,88986.09494,,,,0.907228916,0.939011422,,,
45.21,89025.11539,,,,0.907831325,0.939423179,,,
45.24,89064.11943,,,,0.908433735,0.939834763,,,
45.27,89103.10708,,,,0.909036145,0.940246174,,,
45.3,89142.07832,,,,0.909638554,0.940657411,,,
45.33,89181.03316,,,,0.910240964,0.941068476,,,
45.36,89219.97161,,,,0.910843373,0.941479368,,,
45.39,89258.89365,,,,0.911445783,0.941890086,,,
45.42,89297.7993,,,,0.912048193,0.942300632,,,
45.45,89336.68854,,,,0.912650602,0.942711004,,,
45.48,89375.56139,,,,0.913253012,0.943121204,,,
45.51,89414.41784,,,,0.913855422,0.94353123,,,
45.54,89453.2579,,,,0.914457831,0.943941084,,,
45.57,89492.08155,,,,0.915060241,0.944350764,,,
45.6,89530.88881,,,,0.915662651,0.944760271,,,
45.63,89569.67968,,,,0.91626506,0.945169606,,,
45.66,89608.45414,,,,0.91686747,0.945578767,,,
45.69,89647.21221,,,,0.91746988,0.945987755,,,
45.72,89685.95389,,,,0.918072289,0.946396571,,,
45.75,89724.67917,,,,0.918674699,0.946805213,,,
45.78,89763.38806,,,,0.919277108,0.947213682,,,
45.81,89802.08055,,,,0.919879518,0.947621978,,,
45.84,89840.75665,,,,0.920481928,0.948030102,,,
45.87,89879.41636,,,,0.921084337,0.948438052,,,
45.9,89918.05967,,,,0.921686747,0.948845829,,,
45.93,89956.68659,,,,0.922289157,0.949253434,,,
45.96,89995.29712,,,,0.922891566,0.949660865,,,
45.99,90033.89125,,,,0.923493976,0.950068123,,,
46.02,90072.469,,,,0.924096386,0.950475209,,,
46.05,90111.03035,,,,0.924698795,0.950882121,,,
46.08,90149.57531,,,,0.925301205,0.951288861,,,
46.11,90188.10389,,,,0.925903614,0.951695427,,,
46.14,90226.61607,,,,0.926506024,0.952101821,,,
46.17,90265.11186,,,,0.927108434,0.952508042,,,
46.2,90303.59126,,,,0.927710843,0.952914089,,,
46.23,90342.05427,,,,0.928313253,0.953319964,,,
46.26,90380.5009,,,,0.928915663,0.953725666,,,
46.29,90418.93114,,,,0.929518072,0.954131195,,,
46.32,90457.34499,,,,0.930120482,0.954536551,,,
46.35,90495.74245,,,,0.930722892,0.954941734,,,
46.38,90534.12352,,,,0.931325301,0.955346744,,,
46.41,90572.48821,,,,0.931927711,0.955751581,,,
46.44,90610.83651,,,,0.93253012,0.956156245,,,
46.47,90649.16842,,,,0.93313253,0.956560737,,,
46.5,90687.48395,,,,0.93373494,0.956965055,,,
46.53,90725.78309,,,,0.934337349,0.957369201,,,
46.56,90764.06585,,,,0.934939759,0.957773173,,,
46.59,90802.33223,,,,0.935542169,0.958176973,,,
46.62,90840.58222,,,,0.936144578,0.9585806,,,
46.65,90878.81582,,,,0.936746988,0.958984054,,,
46.68,90917.03304,,,,0.937349398,0.959387335,,,
46.71,90955.23388,,,,0.937951807,0.959790443,,,
46.74,90993.41834,,,,0.938554217,0.960193378,,,
46.77,91031.58641,,,,0.939156627,0.960596141,,,
46.8,91069.7381,,,,0.939759036,0.96099873,,,
46.83,91107.87341,,,,0.940361446,0.961401147,,,
46.86,91145.99233,,,,0.940963855,0.961803391,,,
46.89,91184.09488,,,,0.941566265,0.962205462,,,
46.92,91222.18105,,,,0.942168675,0.96260736,,,
46.95,91260.25083,,,,0.942771084,0.963009085,,,
46.98,91298.30424,,,,0.943373494,0.963410638,,,
47.01,91336.34126,,,,0.943975904,0.963812017,,,
47.04,91374.36191,,,,0.944578313,0.964213224,,,
47.07,91412.36617,,,,0.945180723,0.964614258,,,
47.1,91450.35406,,,,0.945783133,0.965015119,,,
47.13,91488.32557,,,,0.946385542,0.965415807,,,
47.16,91526.2807,,,,0.946987952,0.965816323,,,
47.19,91564.21946,,,,0.947590361,0.966216665,,,
47.22,91602.14184,,,,0.948192771,0.966616835,,,
47.25,91640.04784,,,,0.948795181,0.967016832,,,
47.28,91677.93746,,,,0.94939759,0.967416656,,,
47.31,91715.81071,,,,0.95,0.967816307,,,
47.34,91753.66758,,,,0.95060241,0.968215786,,,
47.37,91791.50807,,,,0.951204819,0.968615092,,,
47.4,91829.33219,,,,0.951807229,0.969014225,,,
47.43,91867.13994,,,,0.952409639,0.969413185,,,
47.46,91904.93131,,,,0.953012048,0.969811972,,,
47.49,91942.70631,,,,0.953614458,0.970210587,,,
47.52,91980.46493,,,,0.954216867,0.970609028,,,
47.55,92018.20718,,,,0.954819277,0.971007297,,,
47.58,92055.93306,,,,0.955421687,0.971405394,,,
47.61,92093.64257,,,,0.956024096,0.971803317,,,
47.64,92131.3357,,,,0.956626506,0.972201068,,,
47.67,92169.01246,,,,0.957228916,0.972598646,,,
47.7,92206.67285,,,,0.957831325,0.972996051,,,
47.73,92244.31686,,,,0.958433735,0.973393283,,,
47.76,92281.94451,,,,0.959036145,0.973790343,,,
47.79,92319.55579,,,,0.959638554,0.97418723,,,
47.82,92357.15069,,,,0.960240964,0.974583944,,,
47.85,92394.72923,,,,0.960843373,0.974980486,,,
47.88,92432.29139,,,,0.961445783,0.975376854,,,
47.91,92469.83719,,,,0.962048193,0.97577305,,,
47.94,92507.36662,,,,0.962650602,0.976169074,,,
47.97,92544.87968,,,,0.963253012,0.976564924,,,
48,92582.37637,,,,0.963855422,0.976960602,,,
48.03,92619.85669,,,,0.964457831,0.977356107,,,
48.06,92657.32065,,,,0.965060241,0.977751439,,,
48.09,92694.76823,,,,0.965662651,0.978146599,,,
48.12,92732.19946,,,,0.96626506,0.978541586,,,
48.15,92769.61431,,,,0.96686747,0.9789364,,,
48.18,92807.0128,,,,0.96746988,0.979331042,,,
48.21,92844.39492,,,,0.968072289,0.97972551,,,
48.24,92881.76068,,,,0.968674699,0.980119807,,,
48.27,92919.11007,,,,0.969277108,0.98051393,,,
48.3,92956.4431,,,,0.969879518,0.980907881,,,
48.33,92993.75976,,,,0.970481928,0.981301659,,,
48.36,93031.06006,,,,0.971084337,0.981695264,,,
48.39,93068.344,,,,0.971686747,0.982088697,,,
48.42,93105.61157,,,,0.972289157,0.982481957,,,
48.45,93142.86278,,,,0.972891566,0.982875044,,,
48.48,93180.09762,,,,0.973493976,0.983267959,,,
48.51,93217.31611,,,,0.974096386,0.983660701,,,
48.54,93254.51823,,,,0.974698795,0.98405327,,,
48.57,93291.70399,,,,0.975301205,0.984445667,,,
48.6,93328.87339,,,,0.975903614,0.984837891,,,
48.63,93366.02642,,,,0.976506024,0.985229943,,,
48.66,93403.1631,,,,0.977108434,0.985621822,,,
48.69,93440.28341,,,,0.977710843,0.986013528,,,
48.72,93477.38737,,,,0.978313253,0.986405061,,,
48.75,93514.47497,,,,0.978915663,0.986796422,,,
48.78,93551.5462,,,,0.979518072,0.98718761,,,
48.81,93588.60108,,,,0.980120482,0.987578626,,,
48.84,93625.6396,,,,0.980722892,0.987969469,,,
48.87,93662.66176,,,,0.981325301,0.988360139,,,
48.9,93699.66756,,,,0.981927711,0.988750637,,,
48.93,93736.65701,,,,0.98253012,0.989140962,,,
48.96,93773.63009,,,,0.98313253,0.989531115,,,
48.99,93810.58682,,,,0.98373494,0.989921095,,,
49.02,93847.5272,,,,0.984337349,0.990310902,,,
49.05,93884.45121,,,,0.984939759,0.990700537,,,
49.08,93921.35887,,,,0.985542169,0.991089999,,,
49.11,93958.25018,,,,0.986144578,0.991479288,,,
49.14,93995.12513,,,,0.986746988,0.991868405,,,
49.17,94031.98372,,,,0.987349398,0.99225735,,,
49.2,94068.82596,,,,0.987951807,0.992646122,,,
49.23,94105.65185,,,,0.988554217,0.993034721,,,
49.26,94142.46138,,,,0.989156627,0.993423147,,,
49.29,94179.25456,,,,0.989759036,0.993811402,,,
49.32,94216.03138,,,,0.990361446,0.994199483,,,
49.35,94252.79185,,,,0.990963855,0.994587392,,,
49.38,94289.53597,,,,0.991566265,0.994975128,,,
49.41,94326.26374,,,,0.992168675,0.995362692,,,
49.44,94362.97515,,,,0.992771084,0.995750083,,,
49.47,94399.67021,,,,0.993373494,0.996137302,,,
49.5,94436.34893,,,,0.993975904,0.996524348,,,
49.53,94473.01128,,,,0.994578313,0.996911222,,,
49.56,94509.65729,,,,0.995180723,0.997297923,,,
49.59,94546.28695,,,,0.995783133,0.997684452,,,
49.62,94582.90026,,,,0.996385542,0.998070808,,,
49.65,94619.49722,,,,0.996987952,0.998456991,,,
49.68,94656.07783,,,,0.997590361,0.998843002,,,
49.71,94692.64209,,,,0.998192771,0.999228841,,,
49.74,94729.19,,,,0.998795181,0.999614507,,,
49.77,94765.72156,,,,0.99939759,1,,,
49.8,0,,,,1,0,,,
