Time,Kn,Pressure,Thrust,Mass Flux,Mass Flow,Cf,Burn Depth,Surface Area
0.01,2553.48904870524,44454.421875,558630.625,116.220710754395,3286.06247505739,0,0,32088.08307
0.02,2546.02625739716,44227.3359375,555777,114.322486877441,3269.27633482658,0,0.0170679278671741,31994.3028881154
0.03,2538.58299243147,44001.33984375,552937,112.465065002441,3252.57079337658,0,0.0340984426438808,31900.768081435
0.04,2531.15951250456,43776.44140625,550110.875,110.647354125977,3235.94627930815,0,0.0510916113853455,31807.481900833
0.05,2523.75520859472,43552.61328125,547298.1875,108.868225097656,3219.40099811011,0,0.068047508597374,31714.436693118
0.06,2516.37033913621,43329.86328125,544499,107.126663208008,3202.93538004163,0,0.084966205060482,31621.6357058704
0.07,2509.00516277553,43108.1953125,541713.4375,105.421684265137,3186.5497292509,0,0.101847767829895,31529.0821893372
0.08,2501.65907124872,42887.58984375,538941.25,103.752281188965,3170.24250627475,0,0.118692271411419,31436.7684998496
0.09,2494.33232443016,42668.04296875,536182.3125,102.117515563965,3154.01377133081,0,0.135499775409698,31344.6979030847
0.1,2487.02489056175,42449.55859375,533436.75,100.516494750977,3137.86346149158,0,0.15227036178112,31252.8699999587
0.11,2479.73645166891,42232.125,530704.4375,98.9483108520508,3121.79065918635,0,0.16900409758091,31161.2807946857
0.12,2472.46726558831,42015.73828125,527985.25,97.4121246337891,3105.79542137386,0,0.185701057314873,31069.9335273365
0.13,2465.21730375702,41800.3984375,525279.1875,95.9071197509766,3089.87756715666,0,0.202361300587654,30978.8278389784
0.14,2457.98624768645,41586.09375,522586.15625,94.4324645996094,3074.03618241794,0,0.21898490190506,30887.9597273671
0.15,2450.77406921667,41372.81640625,519906.03125,92.9873886108398,3058.27084281403,0,0.235571920871735,30797.3288386341
0.16,2443.58073827665,41160.56640625,517238.8125,91.5711441040039,3042.58136962237,0,0.252122431993485,30706.9347948961
0.17,2436.40651064172,40949.34765625,514584.5625,90.1830215454102,3026.96806354461,0,0.268636524677277,30616.7808103197
0.18,2429.25107438781,40739.14453125,511943.09375,88.8223037719727,3011.42990031866,0,0.285114228725433,30526.8629651526
0.19,2422.11439373118,40529.953125,509314.3125,87.4882888793945,2995.96657208241,0,0.301555663347244,30437.1808097229
0.2,2414.99644480796,40321.7734375,506698.25,86.1803359985352,2980.57791003585,0,0.317960858345032,30347.7340441485
0.21,2407.89719592654,40114.59765625,504094.78125,84.8977890014648,2965.26348877154,0,0.334329903125763,30258.522270181
0.22,2400.81633603228,39908.4140625,501503.8125,83.640007019043,2950.0224164581,0,0.35066282749176,30169.5415789933
0.23,2393.754404354,39703.234375,498925.46875,82.4064331054688,2934.85558972895,0,0.366959750652313,30080.7987467332
0.24,2386.71080273979,39499.0390625,496359.46875,81.1964340209961,2919.76151836465,0,0.383220702409744,29992.2862568036
0.25,2379.68578709503,39295.83203125,493805.875,80.0094604492188,2904.74050371655,0,0.399445772171021,29904.0073250058
0.26,2372.67904303905,39093.6015625,491264.59375,78.8449401855469,2889.79165510327,0,0.415635019540787,29815.9580007165
0.27,2365.69083037312,38892.3515625,488735.59375,77.7023620605469,2874.91527814818,0,0.431788504123688,29728.1415486942
0.28,2358.7208310942,38692.0703125,486218.78125,76.5811920166016,2860.11048035911,0,0.447906315326691,29640.5539727956
0.29,2351.76930496922,38492.7578125,483714.15625,75.4809265136719,2845.37744310483,0,0.46398851275444,29553.1985373475
0.3,2344.83593822426,38294.41015625,481221.65625,74.4010696411133,2830.71552907736,0,0.480035156011581,29466.0712993513
0.31,2337.92070403634,38097.015625,478741.125,73.3411407470703,2816.12420273295,0,0.496046304702759,29379.1719217397
0.32,2331.02357564572,37900.57421875,476272.5625,72.3006820678711,2801.60330029419,0,0.512022018432617,29292.50006824
0.33,2324.14452244677,37705.08203125,473815.9375,71.2792434692383,2787.15253014408,0,0.527962386608124,29206.0553542504
0.34,2317.28380410857,37510.54296875,471371.28125,70.2763900756836,2772.77219599671,0,0.543867468833923,29119.8410428682
0.35,2310.44081358736,37316.93359375,468938.3125,69.2916793823242,2758.46069814793,0,0.559737384319305,29033.8495057582
0.36,2303.61581857993,37124.26171875,466517.125,68.3247146606445,2744.21847542173,0,0.57557213306427,28948.0841068966
0.37,2296.80879264873,36932.5234375,464107.6875,67.3750839233398,2730.04524321857,0,0.591371774673462,28862.5445140597
0.38,2290.01941566698,36741.70703125,461709.8125,66.4423904418945,2715.94012166166,0,0.607136428356171,28777.2267044162
0.39,2283.24824112752,36551.82421875,459323.6875,65.5262908935547,2701.90401063741,0,0.622866094112396,28692.1376333611
0.4,2276.49437736747,36362.84765625,456948.9375,64.6263580322266,2687.93486078941,0,0.638560891151428,28607.2660959305
0.41,2269.75865584431,36174.796875,454585.8125,63.7422790527344,2674.03414711019,0,0.654220879077911,28522.622540525
0.42,2263.04019331309,35987.64453125,452234,62.873664855957,2660.19983571105,0,0.66984611749649,28438.1958679635
0.43,2256.33982085696,35801.40625,449893.65625,62.0202140808105,2646.43327388153,0,0.68543666601181,28353.9965219426
0.44,2249.65665584929,35616.0625,447564.5625,61.1815605163574,2632.73268135915,0,0.700992584228516,28270.0134110515
0.45,2242.99124361911,35431.62109375,445246.78125,60.3574066162109,2619.09882078413,0,0.716513931751251,28186.2533880954
0.46,2236.3432730005,35248.07421875,442940.28125,59.5474281311035,2605.530956523,0,0.732000768184662,28102.7125428488
0.47,2229.71242547099,35065.40234375,440644.75,58.7512969970703,2592.02797663917,0,0.747453212738037,28019.3868726411
0.48,2223.09953893984,34883.6328125,438360.5625,57.9687652587891,2578.59159879673,0,0.762871265411377,27936.2869069484
0.49,2216.50343952425,34702.73046875,436087.28125,57.1994895935059,2565.21922423563,0,0.778255045413971,27853.3978943275
0.5,2209.92496499844,34522.70703125,433825.03125,56.4432220458984,2551.91207422246,0,0.793604552745819,27770.7303625575
0.51,2203.36379718184,34343.5625,431573.84375,55.6996841430664,2538.66965853675,0,0.808919906616211,27688.2803132644
0.52,2196.81962601766,34165.27734375,429333.4375,54.9685859680176,2525.49088112779,0,0.824201166629791,27606.0438501603
0.53,2190.29299602506,33987.8671875,427104.03125,54.2496948242188,2512.37674312584,0,0.839448392391205,27524.0278158734
0.54,2183.7830278837,33811.3046875,424885.3125,53.542724609375,2499.32524968885,0,0.854661643505096,27442.2211605408
0.55,2177.29055072021,33635.609375,422677.4375,52.8474617004395,2486.33785085427,0,0.869840979576111,27360.6343032728
0.56,2170.81468581446,33460.75390625,420480.15625,52.1636238098145,2473.41255773523,0,0.884986460208893,27279.2562017489
0.57,2164.35626192851,33286.7578125,418293.65625,51.4910202026367,2460.55081649071,0,0.900098145008087,27198.0972704981
0.58,2157.91440093983,33113.59375,416117.59375,50.8293762207031,2447.75064415843,0,0.915176093578339,27117.1464747095
0.59,2151.48964699644,32941.27734375,413952.21875,50.1785049438477,2435.01303759709,0,0.930220365524292,27036.4106523473
0.6,2145.08168347356,32769.796875,411797.3125,49.5381660461426,2422.33715021129,0,0.945231080055237,26955.8858245883
0.61,2138.69077767483,32599.15234375,409652.9375,48.9081611633301,2409.723167915,0,0.960208237171173,26875.5753504681
0.62,2132.31632924678,32429.328125,407518.875,48.288257598877,2397.16980377352,0,0.97515195608139,26795.4716857242
0.63,2125.95860567694,32260.328125,405395.15625,47.6782722473145,2384.67736918476,0,0.990062236785889,26715.5781917033
0.64,2119.61785885626,32092.15625,403281.84375,47.078010559082,2372.24615558636,0,1.00493919849396,26635.8980337598
0.65,2113.29349676041,31924.794921875,401178.71875,46.4872627258301,2359.87482918644,0,1.01978290081024,26556.4237722981
0.66,2106.98578679604,31758.248046875,399085.84375,45.9058532714844,2347.56370038044,0,1.03459334373474,26477.1587676486
0.67,2100.69469718388,31592.51171875,397003.125,45.3335952758789,2335.31249701517,0,1.04937064647675,26398.1026204612
0.68,2094.42021149967,31427.58203125,394930.5625,44.7703094482422,2323.12096447287,0,1.06411480903625,26319.2551243427
0.69,2088.16201462226,31263.451171875,392868.03125,44.2158164978027,2310.98839418597,0,1.07882595062256,26240.6123193647
0.7,2081.92035859204,31100.119140625,390815.53125,43.6699447631836,2298.91495463479,0,1.09350419044495,26162.1773727595
0.71,2075.69494384366,30937.578125,388773,43.1325263977051,2286.89995679026,0,1.10814952850342,26083.9465200788
0.72,2069.48603762301,30775.83203125,386740.4375,42.6034088134766,2274.94370904194,0,1.12276196479797,26005.9231196326
0.73,2063.29332536227,30614.869140625,384717.71875,42.0824203491211,2263.04538426262,0,1.1373416185379,25928.103218446
0.74,2057.11679117557,30454.6875,382704.8125,41.569408416748,2251.20479479409,0,1.15188848972321,25850.4866168913
0.75,2050.95668700401,30295.291015625,380701.78125,41.0642318725586,2239.42223134273,0,1.16640269756317,25773.0764809532
0.76,2044.81269870597,30136.669921875,378708.5,40.5667304992676,2227.69693255531,0,1.18088436126709,25695.8688630124
0.77,2038.68481056042,29978.818359375,376724.875,40.0767593383789,2216.02858844874,0,1.19533348083496,25618.8635655125
0.78,2032.57299170008,29821.734375,374750.875,39.5941772460938,2204.41699667161,0,1.20975017547607,25542.0602005642
0.79,2026.47722650323,29665.416015625,372786.53125,39.1188468933105,2192.86197184656,0,1.22413444519043,25465.458571859
0.8,2020.39749938327,29509.859375,370831.75,38.650634765625,2181.36326709684,0,1.23848628997803,25389.05848353
0.81,2014.33377963595,29355.0625,368886.53125,38.1894111633301,2169.92068145139,0,1.25280582904816,25312.8595497363
0.82,2008.28575416103,29201.013671875,366950.6875,37.735034942627,2158.5334015662,0,1.26709318161011,25236.857835945
0.83,2002.25397254813,29047.72265625,365024.375,37.2873954772949,2147.20222295614,0,1.28134834766388,25161.0602485017
0.84,1996.23783942024,28895.17578125,363107.40625,36.8463554382324,2135.92596852832,0,1.29557144641876,25085.4593056796
0.85,1990.23733967642,28743.369140625,361199.75,36.411792755127,2124.70439592041,0,1.30976247787476,25010.054817715
0.86,1984.2530225868,28592.310546875,359301.5,35.9836120605469,2113.53823541119,0,1.32392144203186,24934.8536869381
0.87,1978.28401129187,28441.98046875,357412.40625,35.5616645812988,2102.42583043888,0,1.33804845809937,24859.8448944097
0.88,1972.3311220163,28292.39453125,355532.65625,35.1458740234375,2091.36844186525,0,1.35214364528656,24785.0386971098
0.89,1966.39349356959,28143.52734375,353661.90625,34.7360916137695,2080.36424910023,0,1.36620700359344,24710.4242730011
0.9,1960.47165997326,27995.392578125,351800.40625,34.3322372436523,2069.41414999957,0,1.38023865222931,24636.0083327948
0.91,1954.56532439463,27847.978515625,349947.9375,33.9341888427734,2058.51735819918,0,1.39423859119415,24561.7871463824
0.92,1948.67445700458,27701.283203125,348104.53125,33.5418510437012,2047.67368022413,0,1.40820693969727,24487.7603389197
0.93,1942.79904308436,27555.3046875,346270.09375,33.1551170349121,2036.88293888903,0,1.42214369773865,24413.9277254459
0.94,1936.93934952398,27410.044921875,344444.71875,32.7739028930664,2026.14537561883,0,1.4360488653183,24340.292659799
0.95,1931.09478342534,27265.48828125,342628.15625,32.3980941772461,2015.4597753433,0,1.44992256164551,24266.8476914031
0.96,1925.26559683402,27121.638671875,340820.5,32.0275993347168,2004.82642727305,0,1.46376490592957,24193.5959875559
0.97,1919.45177521936,26978.4921875,339021.65625,31.6623268127441,1994.24509397422,0,1.47757589817047,24120.5373656598
0.98,1913.65328908995,26836.048828125,337231.65625,31.3021907806396,1983.7156465326,0,1.49135565757751,24047.6714551147
0.99,1907.87012400857,26694.30078125,335450.40625,30.9470996856689,1973.23772458521,0,1.5051041841507,23974.9980744974
1,1902.10198443316,26553.244140625,333677.84375,30.596960067749,1962.81080171848,0,1.51882147789001,23902.5135099174
1.01,1896.34912230839,26412.87890625,331913.96875,30.2516956329346,1952.43504185597,0,1.53250765800476,23830.2209274043
1.02,1890.61150836523,26273.203125,330158.75,29.9112205505371,1942.11025598239,0,1.54616284370422,23758.1199591525
1.03,1884.88884743076,26134.208984375,328412.09375,29.5754470825195,1931.83579739619,0,1.5597870349884,23686.2068959107
1.04,1879.1811255014,25995.890625,326673.9375,29.2442951202393,1921.61137168734,0,1.5733802318573,23614.4815617048
1.05,1873.48859445257,25858.255859375,324944.34375,28.9176959991455,1911.43738904533,0,1.5869425535202,23542.9471216937
1.06,1867.81094452945,25721.291015625,323223.21875,28.5955638885498,1901.31300526251,0,1.6004741191864,23471.5996833847
1.07,1862.14844251214,25585.00390625,321510.5625,28.2778301239014,1891.23864521048,0,1.6139749288559,23400.4425992344
1.08,1856.50051323766,25449.375,319806.21875,27.9644107818604,1881.21301219362,0,1.62744498252869,23329.4686415333
1.09,1850.86768921826,25314.41796875,318110.28125,27.6552448272705,1871.23698654379,0,1.64088439941406,23258.6845020263
1.1,1845.24966120156,25180.12109375,316422.65625,27.3502559661865,1861.30979050491,0,1.65429329872131,23188.0862945341
1.11,1839.64641551265,25046.482421875,314743.3125,27.049373626709,1851.43125611544,0,1.66767168045044,23117.6738472129
1.12,1834.05765822802,24913.4921875,313072.125,26.7525253295898,1841.60068683104,0,1.68101954460144,23047.4434665115
1.13,1828.48392150657,24781.1640625,311409.21875,26.459659576416,1831.81895891307,0,1.69433701038361,22977.4018397347
1.14,1822.92463130398,24649.478515625,309754.40625,26.1706943511963,1822.08478651297,0,1.70762407779694,22907.5417532301
1.15,1817.38031960376,24518.447265625,308107.84375,25.8855819702148,1812.39898200476,0,1.72088086605072,22837.8698920985
1.16,1811.85041273118,24388.0546875,306469.28125,25.604248046875,1802.76038684797,0,1.73410737514496,22768.3790473319
1.17,1806.33488263694,24258.296875,304838.6875,25.3266258239746,1793.16876070815,0,1.74730372428894,22699.0688664526
1.18,1800.83413594034,24129.18359375,303216.1875,25.0526714324951,1783.62472721458,0,1.76046991348267,22629.9444591884
1.19,1795.34772469799,24000.701171875,301601.65625,24.7823143005371,1774.12731962142,0,1.77360606193542,22561.0001965176
1.2,1789.87591554715,23872.853515625,299995.0625,24.5155010223389,1764.6768366847,0,1.78671216964722,22492.2394291024
1.21,1784.41840078698,23745.630859375,298396.34375,24.2521705627441,1755.2725768887,0,1.79978835582733,22423.6582902607
1.22,1778.97530721125,23619.03515625,296805.5,23.9922695159912,1745.9146392439,0,1.81283462047577,22355.2583733297
1.23,1773.54660697806,23493.0625,295222.46875,23.735746383667,1736.60278475485,0,1.82585108280182,22287.0393284377
1.24,1768.13214734974,23367.708984375,293647.21875,23.4825401306152,1727.33665280674,0,1.83883774280548,22218.999236227
1.25,1762.73191544383,23242.970703125,292079.71875,23.2326049804688,1718.11602061202,0,1.85179460048676,22151.137934812
1.26,1757.34602331654,23118.849609375,290519.96875,22.9858875274658,1708.94097273014,0,1.86472177505493,22083.4568323322
1.27,1751.97430371166,22995.337890625,288967.875,22.7423343658447,1699.81101254334,0,1.8776193857193,22015.9538269845
1.28,1746.61660430084,22872.4296875,287423.375,22.5018939971924,1690.7257213815,0,1.89048743247986,21948.6270045547
1.29,1741.27319157653,22750.1328125,285886.53125,22.2645282745361,1681.68551960819,0,1.90332591533661,21881.4797138852
1.3,1735.94389852425,22628.4375,284357.28125,22.030179977417,1672.68985086861,0,1.91613495349884,21814.5098562103
1.31,1730.62857303045,22507.33984375,282835.5,21.7988033294678,1663.7383603484,0,1.92891454696655,21747.7155200155
1.32,1725.32732735315,22386.841796875,281321.28125,21.5703563690186,1654.83113387983,0,1.94166481494904,21681.0981159762
1.33,1720.04000952956,22266.935546875,279814.5,21.3447895050049,1645.96769427632,0,1.95438575744629,21614.655734472
1.34,1714.76673185023,22147.623046875,278315.1875,21.1220626831055,1637.14812744267,0,1.9670774936676,21548.3897865873
1.35,1709.50720315264,22028.89453125,276823.1875,20.9021244049072,1628.37176294091,0,1.97974002361298,21482.2966134668
1.36,1704.2616751764,21910.755859375,275338.625,20.6849422454834,1619.63894388638,0,1.9923734664917,21416.3793785631
1.37,1699.02984232367,21793.1953125,273861.3125,20.4704627990723,1610.94892609791,0,2.00497794151306,21350.6342416213
1.38,1693.81198561004,21676.220703125,272391.375,20.2586555480957,1602.30214176881,0,2.01755332946777,21285.0647339865
1.39,1688.60781427876,21559.8203125,270928.625,20.0494766235352,1593.69786249228,0,2.03009963035584,21219.6672019026
1.4,1683.41756534846,21444,269473.1875,19.842887878418,1585.1364162739,0,2.04261708259583,21154.4446238328
1.41,1678.24080915111,21328.74609375,268024.875,19.638843536377,1576.61688422996,0,2.05510568618774,21089.3916004106
1.42,1673.07781203042,21214.064453125,266583.75,19.437313079834,1568.1396223418,0,2.06756544113159,21024.511478609
1.43,1667.92839363762,21099.947265625,265149.6875,19.2382507324219,1559.70413365233,0,2.07999658584595,20959.8019920992
1.44,1662.79271032511,20986.3984375,263722.8125,19.0416316986084,1551.31060821043,0,2.09239888191223,20895.2651056627
1.45,1657.67044287926,20873.40625,262302.90625,18.8474063873291,1542.95829727383,0,2.10477256774902,20830.8968079438
1.46,1652.56171855411,20760.974609375,260890.046875,18.6555480957031,1534.64736450864,0,2.11711764335632,20766.6986980633
1.47,1647.46666450025,20649.103515625,259484.234375,18.4660224914551,1526.37784878924,0,2.12943410873413,20702.6723738427
1.48,1642.38496188116,20537.783203125,258085.34375,18.2787895202637,1518.14906645563,0,2.14172220230103,20638.8138286647
1.49,1637.31659909478,20427.01171875,256693.34375,18.0938148498535,1509.96086750435,0,2.15398192405701,20575.1229167335
1.5,1632.26184227903,20316.79296875,255308.296875,17.9110717773438,1501.81354329345,0,2.16621327400208,20511.6029824362
1.51,1627.22026321841,20207.1171875,253930.078125,17.7305221557617,1493.7063126041,0,2.17841625213623,20448.2486446594
1.52,1622.19212807229,20097.986328125,252558.6875,17.5521373748779,1485.63940510479,0,2.19059085845947,20385.0632480595
1.53,1617.17725745025,19989.396484375,251194.109375,17.3758869171143,1477.61245563347,0,2.20273733139038,20322.0445383506
1.54,1612.17563993253,19881.345703125,249836.3125,17.2017345428467,1469.62531566078,0,2.21485567092896,20259.1923720277
1.55,1607.18726412583,19773.830078125,248485.21875,17.029655456543,1461.67777503815,0,2.2269458770752,20196.5066059183
1.56,1602.21211866328,19666.84765625,247140.84375,16.8596172332764,1453.7696857264,0,2.2390079498291,20133.9870971824
1.57,1597.25002459773,19560.39453125,245803.109375,16.6915893554688,1445.9006863412,0,2.25104212760925,20071.6315971041
1.58,1592.30124795961,19454.474609375,244472.09375,16.5255470275879,1438.07106646382,0,2.26304841041565,20009.4434487197
1.59,1587.36536170734,19349.07421875,243147.59375,16.3614559173584,1430.27993229512,0,2.27502679824829,19947.4172856676
1.6,1582.44263189162,19244.201171875,241829.71875,16.1992931365967,1422.52769730434,0,2.28697729110718,19885.5564512386
1.61,1577.53304732474,19139.849609375,240518.390625,16.0390319824219,1414.81409115807,0,2.29889988899231,19823.8608048441
1.62,1572.63629100193,19036.013671875,239213.546875,15.8806409835815,1407.13857010592,0,2.31079483032227,19762.3263628853
1.63,1567.7524904666,18932.6953125,237915.21875,15.7240972518921,1399.5012374614,0,2.32266211509705,19700.9547281198
1.64,1562.88177316206,18829.890625,236623.328125,15.5693740844727,1391.90200991044,0,2.33450174331665,19639.7475020469
1.65,1558.02398967153,18727.6015625,235337.9375,15.4164485931396,1384.3407427972,0,2.34631371498108,19578.7028070406
1.66,1553.17899072892,18625.81640625,234058.859375,15.2652912139893,1376.81685990931,0,2.35809803009033,19517.8187673681
1.67,1548.34687503818,18524.541015625,232786.203125,15.1158790588379,1369.3305624702,0,2.36985492706299,19457.0966233798
1.68,1543.52763178022,18423.76953125,231519.875,14.968189239502,1361.8815831833,0,2.38158440589905,19396.5362391188
1.69,1538.72097364906,18323.49609375,230259.796875,14.8221921920776,1354.46941158073,0,2.39328646659851,19336.1340041924
1.7,1533.92713774277,18223.724609375,229006.03125,14.6778697967529,1347.09430953165,0,2.40496134757996,19275.8928980624
1.71,1529.1461421181,18124.453125,227758.546875,14.5352010726929,1339.75615956462,0,2.4166088104248,19215.8131476363
1.72,1524.3776709912,18025.671875,226517.21875,14.3941564559937,1332.45430491117,0,2.42822909355164,19155.8907846583
1.73,1519.6219901655,17927.388671875,225282.15625,14.2547197341919,1325.18915546034,0,2.43982219696045,19096.129149312
1.74,1514.87881281423,17829.58984375,224053.1875,14.1168642044067,1317.95995773859,0,2.45138812065125,19036.5246372268
1.75,1510.14837597565,17732.28515625,222830.421875,13.9805727005005,1310.76715780323,0,2.4629271030426,18977.0802271124
1.76,1505.43042171734,17635.462890625,221613.71875,13.8458204269409,1303.61009077087,0,2.47443890571594,18917.7926776953
1.77,1500.72491101321,17539.123046875,220403.078125,13.7125873565674,1296.4886542723,0,2.48592376708984,18858.6614985593
1.78,1496.03197154932,17443.265625,219198.5,13.5808534622192,1289.40289005258,0,2.49738168716431,18799.6882942543
1.79,1491.3514550137,17347.884765625,217999.90625,13.4505987167358,1282.35241602174,0,2.50881266593933,18740.8712010376
1.8,1486.68346046479,17252.984375,216807.34375,13.3218030929565,1275.33737292871,0,2.5202169418335,18682.211463714
1.81,1482.02783974514,17158.556640625,215620.734375,13.1944456100464,1268.35731807416,0,2.5315945148468,18623.7072204824
1.82,1477.38461128709,17064.603515625,214440.09375,13.0685110092163,1261.41226162364,0,2.54294514656067,18565.3587029705
1.83,1472.75356994578,16971.115234375,213265.28125,12.9439725875854,1254.50165207325,0,2.55426931381226,18507.1633332525
1.84,1468.13487210647,16878.095703125,212096.359375,12.8208179473877,1247.62567995545,0,2.56556677818298,18449.1230765228
1.85,1463.52864545822,16785.546875,210933.359375,12.6990308761597,1240.784448465,0,2.57683753967285,18391.2395373696
1.86,1458.93457584725,16693.458984375,209776.15625,12.5785875320435,1233.97731498642,0,2.58808183670044,18333.5087680204
1.87,1454.35279108496,16601.83203125,208624.734375,12.45947265625,1227.20432178077,0,2.59929966926575,18275.9323746007
1.88,1449.78314352429,16510.6640625,207479.078125,12.3416681289673,1220.46521644627,0,2.61049103736877,18218.5085017231
1.89,1445.22545717966,16419.951171875,206339.15625,12.225154876709,1213.75966219873,0,2.6216561794281,18161.2349378879
1.9,1440.68016368733,16329.6953125,205204.953125,12.109920501709,1207.0880184507,0,2.63279485702515,18104.1171071953
1.91,1436.14681183345,16239.890625,204076.4375,11.9959440231323,1200.44965588639,0,2.64390730857849,18047.1493395259
1.92,1431.62566709468,16150.5390625,202953.625,11.8832120895386,1193.84479397751,0,2.65499353408813,17990.3349709573
1.93,1427.11644459748,16061.6328125,201836.390625,11.7717065811157,1187.27288302643,0,2.66605353355408,17933.6704216635
1.94,1422.61924383535,15973.173828125,200724.78125,11.6614112854004,1180.7340040217,0,2.6770875453949,17877.1569419167
1.95,1418.13422104994,15885.1630859375,199618.8125,11.5523147583008,1174.22825332926,0,2.68809533119202,17820.7964951069
1.96,1413.6609257875,15797.58984375,198518.328125,11.4443950653076,1167.75485384796,0,2.69907712936401,17764.5834206665
1.97,1409.1996234781,15710.4580078125,197423.390625,11.3376407623291,1161.3140860488,0,2.71003293991089,17708.5210540872
1.98,1404.75030456355,15623.765625,196333.984375,11.2320375442505,1154.90581675651,0,2.72096276283264,17652.6092752577
1.99,1400.31265645391,15537.505859375,195250.015625,11.1275663375854,1148.529509769,0,2.73186683654785,17596.8441560574
2,1395.88697283519,15451.6826171875,194171.53125,11.0242176055908,1142.18546776117,0,2.74274492263794,17541.229387053
2.01,1391.47307860955,15366.291015625,193098.46875,10.9219760894775,1135.87333016327,0,2.75359725952148,17485.7627679006
2.02,1387.07096443862,15281.3291015625,192030.8125,10.8208255767822,1129.59296565423,0,2.76442384719849,17430.4441812506
2.03,1382.68059273068,15196.794921875,190968.515625,10.7207527160645,1123.34422013261,0,2.77522492408752,17375.2731547118
2.04,1378.30184527842,15112.6845703125,189911.5625,10.6217432022095,1117.1268126844,0,2.78600025177002,17320.2482028477
2.05,1373.93482183738,15028.9990234375,188859.9375,10.5237855911255,1110.94079430975,0,2.79675006866455,17265.370579223
2.06,1369.57954143287,14945.7373046875,187813.640625,10.4268674850464,1104.78608835369,0,2.80747413635254,17210.6405229167
2.07,1365.23596661867,14862.896484375,186772.625,10.3309745788574,1098.66251080663,0,2.81817269325256,17156.0575633659
2.08,1360.90378581937,14780.4697265625,185736.828125,10.2360916137695,1092.5695342401,0,2.8288459777832,17101.6177851994
2.09,1356.58329244706,14698.4609375,184706.265625,10.1422080993652,1086.50745850743,0,2.83949375152588,17047.3248755413
2.1,1352.27431215848,14616.865234375,183680.90625,10.0493116378784,1080.47592918682,0,2.85011625289917,16993.1766435303
2.11,1347.97683598228,14535.681640625,182660.71875,9.95738983154297,1074.47484883287,0,2.86071348190308,16939.172976429
2.12,1343.69085496849,14454.908203125,181645.703125,9.86642932891846,1068.50408925041,0,2.8712854385376,16885.3137617687
2.13,1339.41636018843,14374.54296875,180635.796875,9.77642059326172,1062.5635224264,0,2.88183212280273,16831.5988873484
2.14,1335.15334273482,14294.5859375,179631.03125,9.68735122680664,1056.65308239419,0,2.89235353469849,16778.0282412358
2.15,1330.90162870796,14215.0302734375,178631.296875,9.59920692443848,1050.77235656125,0,2.90284991264343,16724.5996381435
2.16,1326.66134624894,14135.8779296875,177636.640625,9.5119800567627,1044.92145003225,0,2.91332125663757,16671.3146883395
2.17,1322.43248655596,14057.1279296875,176647.046875,9.42565727233887,1039.10026664083,0,2.92376756668091,16618.1732812173
2.18,1318.21490402286,13978.7763671875,175662.453125,9.34022808074951,1033.30851034989,0,2.93418884277344,16565.1735870359
2.19,1314.00856192296,13900.8203125,174682.828125,9.25568103790283,1027.54600238705,0,2.94458532333374,16512.3151442747
2.2,1309.81347967729,13823.2587890625,173708.15625,9.17200469970703,1021.81267001531,0,2.95495676994324,16459.5981969854
2.21,1305.62975737147,13746.091796875,172738.453125,9.08919143676758,1016.10853415529,0,2.96530342102051,16407.0240028806
2.22,1301.45724963405,13669.3173828125,171773.671875,9.00722885131836,1010.43336264052,0,2.97562527656555,16354.5907351694
2.23,1297.29581122348,13592.9296875,170813.75,8.92610454559326,1004.78680085492,0,2.98592233657837,16302.2965686928
2.24,1293.14554236968,13516.9296875,169858.71875,8.84581089019775,999.168901548572,0,2.99619483947754,16250.142762977
2.25,1289.00646256885,13441.31640625,168908.53125,8.76633834838867,993.57959272319,0,3.00644254684448,16198.1295630184
2.26,1284.87853537597,13366.0888671875,167963.1875,8.68767642974854,988.018759312222,0,3.01666569709778,16146.2565108354
2.27,1280.76161578043,13291.2412109375,167022.625,8.60981464385986,982.486048668581,0,3.02686429023743,16094.5217841715
2.28,1276.65569545314,13216.7734375,166086.84375,8.53274250030518,976.981399499057,0,3.03703832626343,16042.9252783601
2.29,1272.56087469884,13142.685546875,165155.828125,8.45645332336426,971.50483359532,0,3.04718804359436,15991.4682538676
2.3,1268.47703658794,13068.9736328125,164229.53125,8.38093566894531,966.056082929531,0,3.05731320381165,15940.1492413135
2.31,1264.40400849227,12995.634765625,163307.921875,8.30617904663086,960.634869038882,0,3.06741404533386,15888.966071389
2.32,1260.34205517602,12922.6708984375,162391.03125,8.23217868804932,955.241400985263,0,3.07749056816101,15837.9220712182
2.33,1256.29116837015,12850.0810546875,161478.84375,8.1589241027832,949.875586745862,0,3.08754277229309,15787.0171368892
2.34,1252.25090279983,12777.8564453125,160571.25,8.08640289306641,944.536757371238,0,3.09757089614868,15736.2456729149
2.35,1248.22168744768,12706.00390625,159668.328125,8.01461124420166,939.225399998255,0,3.1075747013092,15685.6130700486
2.36,1244.20307726371,12634.5126953125,158769.9375,7.94353628158569,933.94078586981,0,3.11755442619324,15635.1137356283
2.37,1240.19547327834,12563.3896484375,157876.171875,7.87317371368408,928.683379892206,0,3.12751007080078,15584.7527091498
2.38,1236.19859478568,12492.6279296875,156986.953125,7.80351257324219,923.452701835547,0,3.13744163513184,15534.5264631598
2.39,1232.21243383299,12422.2265625,156102.265625,7.73454475402832,918.248662440161,0,3.1473491191864,15484.434897721
2.4,1228.23709095625,12352.1865234375,155222.125,7.66626405715942,913.071315104671,0,3.15723276138306,15434.4792762058
2.41,1224.27244974568,12282.50390625,154346.46875,7.59866142272949,907.920397041442,0,3.16709232330322,15384.6581357658
2.42,1220.31847456637,12213.177734375,153475.28125,7.53172874450684,902.795798941815,0,3.17692804336548,15334.9710285996
2.43,1216.37515758165,12144.205078125,152608.546875,7.46545791625977,897.697370489495,0,3.18673992156982,15285.417856229
2.44,1212.44232712848,12075.5830078125,151746.21875,7.39983987808228,892.62484089729,0,3.19652819633484,15235.9964614729
2.45,1208.52027543716,12007.3154296875,150888.34375,7.33487129211426,887.578497914942,0,3.20629262924194,15186.7105166048
2.46,1204.60869480254,11939.39453125,150034.828125,7.27054023742676,882.557816559494,0,3.21603345870972,15137.5561548884
2.47,1200.70774130894,11871.8232421875,149185.703125,7.20684337615967,877.562953351946,0,3.22575044631958,15088.535337737
2.48,1196.81724352375,11804.5966796875,148340.90625,7.14377021789551,872.593577537225,0,3.23544383049011,15039.6459108651
2.49,1192.93730219363,11737.7158203125,147500.453125,7.08131551742554,867.649743217029,0,3.24511384963989,14990.8891402923
2.5,1189.06780134972,11671.1767578125,146664.296875,7.01947116851807,862.731191962212,0,3.25476026535034,14942.2635687115
2.51,1185.20870579815,11604.978515625,145832.4375,6.95822954177856,857.837817507835,0,3.26438331604004,14893.7687538632
2.52,1181.36003563542,11539.119140625,145004.8125,6.89758539199829,852.969522907974,0,3.27398276329041,14845.4049482878
2.53,1177.52189163153,11473.6005859375,144181.484375,6.83753299713135,848.126392992061,0,3.28355884552002,14797.1734182979
2.54,1173.69399448085,11408.416015625,143362.359375,6.77806234359741,843.307960486207,0,3.29311156272888,14749.0706540363
2.55,1169.87658093009,11343.568359375,142547.453125,6.71916961669922,838.514439364784,0,3.30264115333557,14701.0996305493
2.56,1166.0693994087,11279.052734375,141736.734375,6.66084671020508,833.745445416827,0,3.31214737892151,14653.2571865087
2.57,1162.2724150226,11214.8662109375,140930.140625,6.60308599472046,829.000812683334,0,3.32163047790527,14605.5428834228
2.58,1158.48575625613,11151.01171875,140127.71875,6.54588413238525,824.280677367404,0,3.33109045028687,14557.9583358728
2.59,1154.70928000971,11087.4833984375,139329.390625,6.48923206329346,819.584703702378,0,3.34052729606628,14510.501745617
2.6,1150.94311475338,11024.2841796875,138535.21875,6.43312644958496,814.913027668996,0,3.34994101524353,14463.1747270572
2.61,1147.18725317438,10961.412109375,137745.140625,6.37756109237671,810.265533870262,0,3.3593316078186,14415.9771882985
2.62,1143.44152481756,10898.86328125,136959.125,6.32252836227417,805.641930230111,0,3.36869931221008,14368.9069873386
2.63,1139.70578686615,10836.6337890625,136177.125,6.26802110671997,801.041945356482,0,3.37804412841797,14321.9623294896
2.64,1135.98016787349,10774.7255859375,135399.171875,6.21403455734253,796.465684778103,0,3.38736605644226,14275.1448302
2.65,1132.26479631168,10713.138671875,134625.25,6.16056537628174,791.91319129317,0,3.39666509628296,14228.4561038976
2.66,1128.55952941648,10651.8701171875,133855.3125,6.10760593414307,787.384224860063,0,3.40594124794006,14181.8943565544
2.67,1124.86419711732,10590.9150390625,133089.328125,6.0551495552063,782.878465627257,0,3.41519474983215,14135.4574510007
2.68,1121.17895538552,10530.27734375,132327.34375,6.00319290161133,778.39609973483,0,3.42442536354065,14089.14734723
2.69,1117.5036342586,10469.9501953125,131569.25,5.95172786712646,773.936746349506,0,3.43363332748413,14042.961909431
2.7,1113.83836228368,10409.9365234375,130815.09375,5.90075159072876,769.50054142382,0,3.4428186416626,13996.902752974
2.71,1110.18299701569,10350.232421875,130064.828125,5.850257396698,765.087216829533,0,3.45198130607605,13950.9680878421
2.72,1106.53763962659,10290.837890625,129318.453125,5.80024003982544,760.696796688298,0,3.46112155914307,13905.1591853991
2.73,1102.90217513924,10231.7509765625,128575.9453125,5.75069522857666,756.329094419592,0,3.47023916244507,13859.4746008001
2.74,1099.27656935197,10172.96875,127837.265625,5.7016167640686,751.983948621547,0,3.47933435440063,13813.9139042544
2.75,1095.66081545296,10114.4921875,127102.4296875,5.65299940109253,747.661340617583,0,3.48840713500977,13768.477010162
2.76,1092.05490664715,10056.3173828125,126371.3828125,5.60483932495117,743.36109720157,0,3.49745750427246,13723.1638331337
2.77,1088.45883615626,9998.4453125,125644.140625,5.55713081359863,739.083199960265,0,3.50648546218872,13677.9742879912
2.78,1084.87243464233,9940.87109375,124920.640625,5.50986814498901,734.827334898656,0,3.51549124717712,13632.9062467714
2.79,1081.29583073224,9883.5966796875,124200.9140625,5.46304750442505,730.593607081021,0,3.52447485923767,13587.9613258471
2.8,1077.72918023876,9826.623046875,123484.9609375,5.41666603088379,726.382108173725,0,3.53343605995178,13543.1414832186
2.81,1074.17204347589,9769.94140625,122772.6796875,5.37071561813354,722.19221918613,0,3.54237508773804,13498.4411936301
2.82,1070.6245218791,9713.552734375,122064.078125,5.32519149780273,718.023996364475,0,3.55129218101501,13453.8617317568
2.83,1067.08677131062,9657.458984375,121359.1796875,5.28009223937988,713.877562693026,0,3.56018710136414,13409.4050562211
2.84,1063.55878514418,9601.6591796875,120657.984375,5.23541259765625,709.752838961169,0,3.5690598487854,13365.0710837546
2.85,1060.04039444196,9546.1484375,119960.4140625,5.19114685058594,705.649514299378,0,3.57791066169739,13320.8576914228
2.86,1056.53145761658,9490.9248046875,119266.453125,5.14728975296021,701.567389987368,0,3.5867395401001,13276.7630999864
2.87,1053.03210334273,9435.9892578125,118576.1171875,5.1038384437561,697.506540122953,0,3.59554648399353,13232.7889264187
2.88,1049.54246021785,9381.341796875,117889.390625,5.06078958511353,693.467007041701,0,3.60433149337769,13188.9367867228
2.89,1046.06222451461,9326.9765625,117206.21875,5.01813650131226,689.448361770697,0,3.61309480667114,13145.2028641492
2.9,1042.59155206738,9272.896484375,116526.6328125,4.9758768081665,685.450757932199,0,3.62183618545532,13101.5891169699
2.91,1039.13027434988,9219.0966796875,115850.5625,4.93400478363037,681.473888018373,0,3.6305558681488,13058.0934274216
2.92,1035.67865499604,9165.5810546875,115178.0625,4.89251899719238,677.518006794029,0,3.63925385475159,13014.7191084253
2.93,1032.2362827825,9112.3408203125,114509.03125,4.85141181945801,673.582524876775,0,3.64793014526367,12971.460992397
2.94,1028.80342135166,9059.380859375,113843.515625,4.81068229675293,669.66772796967,0,3.65658473968506,12928.322392364
2.95,1025.37990241335,9006.6962890625,113181.4609375,4.77032423019409,665.773310354047,0,3.66521787643433,12885.3011935302
2.96,1021.9658817235,8954.2900390625,112522.90625,4.73033666610718,661.899424807474,0,3.6738293170929,12842.399353182
2.97,1018.56105624531,8902.154296875,111867.75,4.69071197509766,658.045586506961,0,3.68241930007935,12799.6130632473
2.98,1015.1656895351,8850.2939453125,111216.046875,4.65144920349121,654.212079912419,0,3.69098782539368,12756.9456356718
2.99,1011.77950577791,8798.7041015625,110567.75,4.61254358291626,650.398531804489,0,3.69953489303589,12714.3936044633
3,1008.4026066598,8747.3828125,109922.828125,4.57399034500122,646.604905666438,0,3.70806074142456,12671.9582474463
3.01,1005.0350131214,8696.33203125,109281.3046875,4.53578758239746,642.83123647692,0,3.71656513214111,12629.6398277683
3.02,1001.67669205546,8645.5498046875,108643.1640625,4.49793195724487,639.077400935618,0,3.72504830360413,12587.4379293916
3.03,998.327502701399,8595.0322265625,108008.3359375,4.46041774749756,635.343145646009,0,3.7335102558136,12545.3507834668
3.04,994.987439092299,8544.7783203125,107376.828125,4.42324161529541,631.628396543395,0,3.74195098876953,12503.3783150114
3.05,991.656629943071,8494.7890625,106748.6484375,4.38640213012695,627.933226813296,0,3.75037050247192,12461.5221415045
3.06,988.334934605222,8445.0625,106123.765625,4.34989500045776,624.257445953479,0,3.75876879692078,12419.7804955052
3.07,985.022481779215,8395.599609375,105502.1953125,4.31371736526489,620.601126919231,0,3.76714587211609,12378.1549943109
3.08,981.71910394944,8346.3955078125,104883.875,4.27786493301392,616.963970163572,0,3.77550196647644,12336.6435328589
3.09,978.424795257067,8297.44921875,104268.796875,4.24233388900757,613.345902333898,0,3.78383708000183,12295.246037525
3.1,975.139549857981,8248.76171875,103656.9765625,4.20712232589722,609.746912052878,0,3.79215121269226,12253.9624348697
3.11,971.863361922777,8200.330078125,103048.3671875,4.17222595214844,606.166864324708,0,3.80044436454773,12212.7926516388
3.12,968.596198739413,8152.15380859375,102442.9609375,4.13764190673828,602.605684860661,0,3.80871677398682,12171.7362767606
3.13,965.338081427257,8104.232421875,101840.765625,4.1033673286438,599.063333048379,0,3.81696820259094,12130.7935756289
3.14,962.088708387533,8056.56005859375,101241.6953125,4.06939744949341,595.539398315127,0,3.82519888877869,12089.9607582424
3.15,958.848477354648,8009.1416015625,100645.8203125,4.03573131561279,592.03424409266,0,3.83340883255005,12049.2428226782
3.16,955.617113688726,7961.97265625,100053.078125,4.00236463546753,588.547523429118,0,3.84159803390503,12008.6363177104
3.17,952.394611745695,7915.05224609375,99463.4609375,3.96929454803467,585.079164664223,0,3.84976649284363,11968.1411724135
3.18,949.18123466069,7868.3828125,98876.9921875,3.93651986122131,581.62936919727,0,3.85791420936584,11927.7606934406
3.19,945.976546785177,7821.95703125,98293.59375,3.90403461456299,578.197600424466,0,3.86604142189026,11887.4894062718
3.2,942.780703764462,7775.77734375,97713.28125,3.8718376159668,574.783994323811,0,3.87414789199829,11847.3292668032
3.21,939.593807530272,7729.84326171875,97136.0546875,3.83992648124695,571.38856050865,0,3.88223385810852,11807.2815559466
3.22,936.415583884258,7684.150390625,96561.859375,3.80829644203186,568.010956143134,0,3.89029932022095,11767.3428280245
3.23,933.246295914947,7638.70166015625,95990.734375,3.77694702148438,564.651397216373,0,3.89834427833557,11727.5163891041
3.24,930.085508515936,7593.490234375,95422.59375,3.74587225914001,561.309367473727,0,3.90636897087097,11687.7967714784
3.25,926.933645803905,7548.52099609375,94857.4921875,3.71507263183594,557.985241807196,0,3.91437315940857,11648.1893047535
3.26,923.79054127293,7503.79052734375,94295.390625,3.6845440864563,554.678775011224,0,3.92235708236694,11608.6918965548
3.27,920.656055293372,7459.2958984375,93736.2578125,3.65428352355957,551.389754524621,0,3.93032073974609,11569.3027922449
3.28,917.530316673497,7415.0390625,93180.109375,3.6242892742157,548.118283721147,0,3.93826413154602,11530.0236104757
3.29,914.41318585324,7371.01611328125,92626.8984375,3.594557762146,544.864119744923,0,3.94618725776672,11490.8525974842
3.3,911.304657498164,7327.2265625,92076.625,3.56508636474609,541.627208688391,0,3.9540901184082,11451.7896862359
3.31,908.204699594412,7283.66943359375,91529.2734375,3.5358726978302,538.407465452818,0,3.96197295188904,11412.8344744328
3.32,905.113601721612,7240.34716796875,90984.8671875,3.50691628456116,535.205103617379,0,3.96983551979065,11373.9906010392
3.33,902.030795526443,7197.251953125,90443.3203125,3.47821092605591,532.019504270586,0,3.97767806053162,11335.250923918
3.34,898.956812064638,7154.3896484375,89904.6953125,3.44975757598877,528.851131819976,0,3.98550057411194,11296.6221165111
3.35,895.89110987911,7111.751953125,89368.890625,3.42155075073242,525.699369673333,0,3.99330306053162,11258.0973746693
3.36,892.834059242219,7069.34375,88835.9765625,3.39358997344971,522.564555763951,0,4.00108575820923,11219.6813513715
3.37,889.785574192312,7027.16259765625,88305.9140625,3.36587333679199,519.44652752269,0,4.00884819030762,11181.3729663919
3.38,886.745435679846,6985.20458984375,87778.6484375,3.3383960723877,516.34499906086,0,4.01659107208252,11143.1694670733
3.39,883.713825808215,6943.47119140625,87254.2109375,3.31115794181824,513.260088973916,0,4.02431392669678,11105.0731417939
3.4,880.690552287509,6901.9599609375,86732.5703125,3.28415489196777,510.191574208772,0,4.03201723098755,11067.0815741681
3.41,877.675797165249,6860.67138671875,86213.71875,3.25738668441772,507.139542011984,0,4.03970050811768,11029.1970518719
3.42,874.669368259534,6819.60302734375,85697.640625,3.23084950447083,504.103770125634,0,4.04736423492432,10991.4171598768
3.43,871.671447562433,6778.755859375,85184.34375,3.20454263687134,501.084360848153,0,4.05500793457031,10953.7441851622
3.44,868.68184299963,6738.126953125,84673.78125,3.17846250534058,498.081077247262,0,4.06263208389282,10916.1757140516
3.45,865.700549589973,6697.71533203125,84165.953125,3.15260696411133,495.093852446531,0,4.07023668289185,10878.7116839499
3.46,862.727562365082,6657.52001953125,83660.84375,3.12697434425354,492.122619661745,0,4.07782173156738,10841.3520324226
3.47,859.762876369348,6617.5400390625,83158.4453125,3.10156202316284,489.16731220079,0,4.08538722991943,10804.0966971957
3.48,856.806486659937,6577.77490234375,82658.7421875,3.07636833190918,486.227878929658,0,4.092933177948,10766.9456161559
3.49,853.858388306789,6538.2236328125,82161.7265625,3.05139136314392,483.304253340064,0,4.10045957565308,10729.89872735
3.5,850.918389674834,6498.8828125,81667.3515625,3.02662754058838,480.396186271026,0,4.10796689987183,10692.9536226214
3.51,847.986672656879,6459.75390625,81175.6484375,3.0020763874054,477.503794731675,0,4.11545467376709,10656.1125877019
3.52,845.063232360873,6420.83642578125,80686.59375,2.97773599624634,474.627027952582,0,4.12292289733887,10619.3755611162
3.53,842.147877308761,6382.12744140625,80200.1640625,2.95360326766968,471.765653393636,0,4.13037204742432,10582.7401366807
3.54,839.240789311733,6343.62744140625,79716.359375,2.92967748641968,468.91975651714,0,4.13780164718628,10546.2085991017
3.55,836.341776995796,6305.33447265625,79235.15625,2.90595531463623,466.089136480289,0,4.14521217346191,10509.7785435031
3.56,833.450835637454,6267.24658203125,78756.5234375,2.88243508338928,463.273697351931,0,4.15260362625122,10473.4499105278
3.57,830.567960525365,6229.36376953125,78280.4765625,2.85911512374878,460.473405152177,0,4.1599760055542,10437.2226409712
3.58,827.693333362813,6191.6875,77807.0234375,2.83599495887756,457.688375460851,0,4.16732883453369,10401.0990181838
3.59,824.826762982396,6154.21435546875,77336.125,2.81307125091553,454.918362555043,0,4.17466259002686,10365.0766398856
3.6,821.968058384892,6116.94091796875,76867.734375,2.79034066200256,452.163121956675,0,4.18197774887085,10329.15310591
3.61,819.117401310059,6079.869140625,76401.875,2.76780343055725,449.422784970926,0,4.18927383422852,10293.3307000659
3.62,816.274787107344,6042.998046875,75938.5390625,2.74545764923096,446.697287117654,0,4.19655084609985,10257.6093639125
3.63,813.440211138354,6006.3271484375,75477.71875,2.72330141067505,443.98657946893,0,4.20380878448486,10221.9890391623
3.64,810.613668776849,5969.85546875,75019.3984375,2.70133328437805,441.290597716658,0,4.21104764938354,10186.46966768
3.65,807.794969276855,5933.580078125,74563.5546875,2.67955017089844,438.60911470988,0,4.21826791763306,10151.0488524817
3.66,804.984294244843,5897.501953125,74110.1796875,2.65795159339905,435.942229809811,0,4.22546911239624,10115.728875701
3.67,802.181453035251,5861.6181640625,73659.25,2.63653469085693,433.289716603155,0,4.23265171051025,10080.5073416157
3.68,799.38644118432,5825.92822265625,73210.7578125,2.61529803276062,430.651527438127,0,4.2398157119751,10045.3841941325
3.69,796.599440219332,5790.43408203125,72764.7265625,2.59424138069153,428.027792005241,0,4.24696063995361,10010.3617143901
3.7,793.820259644448,5755.1318359375,72321.1015625,2.57336163520813,425.418254058593,0,4.25408697128296,9975.43750854768
3.71,791.048895030875,5720.02099609375,71879.890625,2.55265736579895,422.822866192269,0,4.26119470596313,9940.61152095135
3.72,788.28534196138,5685.1005859375,71441.0625,2.53212690353394,420.241565615311,0,4.26828384399414,9905.88369609254
3.73,785.529596030284,5650.3701171875,71004.6328125,2.51176881790161,417.674305083888,0,4.27535438537598,9871.25397860789
3.74,782.781652843468,5615.8291015625,70570.578125,2.4915816783905,415.121037435064,0,4.28240633010864,9836.72231327927
3.75,780.041508018368,5581.4765625,70138.890625,2.47156405448914,412.581700120569,0,4.28943967819214,9802.28864503377
3.76,777.30897146739,5547.3095703125,69709.53125,2.45171308517456,410.056070836684,0,4.29645490646362,9767.95058516072
3.77,774.584224621999,5513.3291015625,69282.5234375,2.4320285320282,407.544247586902,0,4.30345153808594,9733.7104135947
3.78,771.867263134008,5479.53515625,68857.8515625,2.41250920295715,405.046198995044,0,4.31042957305908,9699.56807569478
3.79,769.157897061395,5445.923828125,68435.484375,2.3931519985199,402.561672894175,0,4.31738948822021,9665.52118457961
3.8,766.456307758217,5412.498046875,68015.4453125,2.37395739555359,400.090828558122,0,4.32433080673218,9631.57201921101
3.81,763.762305378913,5379.25341796875,67597.6796875,2.35492205619812,397.633399062108,0,4.33125400543213,9597.7181939198
3.82,761.075885731255,5346.18994140625,67182.1875,2.33604502677917,395.189354170705,0,4.33815908432007,9563.9596560249
3.83,758.397044633985,5313.306640625,66768.96875,2.31732487678528,392.758632792342,0,4.345046043396,9530.29635298308
3.84,755.72596333882,5280.60546875,66358.03125,2.29876136779785,390.341362480919,0,4.35191440582275,9496.73056247013
3.85,753.06245219167,5248.0830078125,65949.34375,2.28035235404968,387.937308649639,0,4.3587646484375,9463.25990122293
3.86,750.406507044482,5215.73876953125,65542.890625,2.26209592819214,385.546425902834,0,4.36559677124023,9429.88431711555
3.87,747.757938447044,5183.56982421875,65138.64453125,2.24398994445801,383.168496631193,0,4.37241125106812,9396.6014294469
3.88,745.116927658578,5151.5771484375,64736.61328125,2.22603416442871,380.80361748768,0,4.37920761108398,9363.41351598706
3.89,742.483470563659,5119.7607421875,64336.796875,2.20822739601135,378.451758767879,0,4.38598585128784,9330.32052502011
3.9,739.857563057836,5088.1201171875,63939.19140625,2.19056868553162,376.11287537675,0,4.39274597167969,9297.32240496798
3.91,737.239015878322,5056.6513671875,63543.7421875,2.17305493354797,373.786720149266,0,4.39948844909668,9264.41677748484
3.92,734.628010183349,5025.35693359375,63150.484375,2.15568661689758,371.473435355369,0,4.40621280670166,9231.60591907171
3.93,732.024356803126,4994.2333984375,62759.375,2.1384608745575,369.172789979154,0,4.41291952133179,9198.88745255139
3.94,729.42823684582,4963.2822265625,62370.4296875,2.12137818336487,366.884894969957,0,4.4196081161499,9166.26365379573
3.95,726.839461234259,4932.5009765625,61983.62109375,2.10443592071533,364.609550924265,0,4.42627906799316,9133.73214679143
3.96,724.258026035259,4901.88916015625,61598.94140625,2.08763313293457,362.346713989313,0,4.43293237686157,9101.29288211264
3.97,721.683927326039,4871.44482421875,61216.3671875,2.07096815109253,360.096293985071,0,4.43956804275513,9068.94581046426
3.98,719.117346115483,4841.1708984375,60835.93359375,2.05444145202637,357.858447487303,0,4.44618558883667,9036.69320647054
3.99,716.558093510237,4811.06396484375,60457.6015625,2.03805065155029,355.632945510067,0,4.45278549194336,9004.53269642805
4,714.006165619007,4781.12353515625,60081.359375,2.02179431915283,353.419744486539,0,4.4593677520752,8972.46423143739
4.01,711.461373744528,4751.34619140625,59707.1640625,2.00567054748535,351.218616887833,0,4.46593284606934,8940.48544025928
4.02,708.923898902239,4721.73388671875,59335.046875,1.98967909812927,349.029688377859,0,4.47248029708862,8908.59859760034
4.03,706.393737231774,4692.2861328125,58964.99609375,1.97381901741028,346.852915600168,0,4.47901010513306,8876.80365494977
4.04,703.870884883166,4663.00244140625,58597.00390625,1.95808923244476,344.688255268914,0,4.48552227020264,8845.1005639275
4.05,701.355153339031,4633.87890625,58231.02734375,1.94248747825623,342.535465710872,0,4.49201726913452,8813.4869555547
4.06,698.84672351684,4604.91845703125,57867.1015625,1.92701387405396,340.394702756523,0,4.49849462509155,8781.96510330687
4.07,696.345406988452,4576.1171875,57505.171875,1.91166615486145,338.26572538847,0,4.50495481491089,8750.53263932666
4.08,693.851384622769,4547.4775390625,57145.27734375,1.89644455909729,336.148673590558,0,4.51139736175537,8719.19183647926
4.09,691.364468080526,4518.99560546875,56787.36328125,1.88134670257568,334.043306998475,0,4.51782274246216,8687.94032802414
4.1,688.884653675716,4490.671875,56431.43359375,1.8663717508316,331.949614445805,0,4.52423095703125,8656.7780676416
4.11,686.411937732181,4462.5048828125,56077.48046875,1.85151863098145,329.867522968019,0,4.53062200546265,8625.70500913567
4.12,683.946316583611,4434.49462890625,55725.4921875,1.83678638935089,327.797006065328,0,4.53699588775635,8594.72110643415
4.13,681.487786573541,4406.64013671875,55375.4609375,1.82217395305634,325.738006371957,0,4.54335260391235,8563.82631358858
4.14,679.036344055358,4378.94091796875,55027.3828125,1.80768048763275,323.690482054473,0,4.54969215393066,8533.02058477424
4.15,676.591985392292,4351.39599609375,54681.2421875,1.79330480098724,321.654375879451,0,4.55601453781128,8502.30387429017
4.16,674.154706957424,4324.00537109375,54337.04296875,1.77904617786407,319.629661611807,0,4.5623197555542,8471.67613655915
4.17,671.72450513368,4296.76806640625,53994.76953125,1.76490354537964,317.616282150201,0,4.56860780715942,8441.13732612771
4.18,669.301192076151,4269.68115234375,53654.3828125,1.75087487697601,315.614031716027,0,4.57487916946411,8410.6850824676
4.19,666.884948491583,4242.74658203125,53315.9140625,1.73696029186249,313.623033517008,0,4.5811333656311,8380.32167640628
4.2,664.47558662084,4215.96142578125,52979.32421875,1.72315788269043,311.64308240562,0,4.58737087249756,8350.04474849335
4.21,662.073287123375,4189.32763671875,52644.6328125,1.70946788787842,309.67430121577,0,4.59359121322632,8319.85656896199
4.22,659.677862325468,4162.84130859375,52311.796875,1.69588816165924,307.716454496129,0,4.59979486465454,8289.75477943517
4.23,657.289492839643,4136.50537109375,51980.84765625,1.68241894245148,305.769695641176,0,4.60598134994507,8259.74164955632
4.24,654.907991077233,4110.31640625,51651.75,1.66905832290649,303.833805291546,0,4.61215114593506,8229.81482201722
4.25,652.533353597168,4084.2734375,51324.484375,1.65580523014069,301.908727608241,0,4.61830425262451,8199.97425357614
4.26,650.165576967686,4058.37670898438,50999.0546875,1.64265918731689,299.994445479475,0,4.62444067001343,8170.21990110826
4.27,647.804657766333,4032.62524414063,50675.453125,1.62961900234222,298.090903189957,0,4.63056039810181,8140.5517216058
4.28,645.450592579964,4007.0185546875,50353.66796875,1.61668395996094,296.198060552294,0,4.63666343688965,8110.96967217789
4.29,643.10337800474,3981.55615234375,50033.69921875,1.60385322570801,294.315877440798,0,4.64274978637695,8081.47371005067
4.3,640.763010646134,3956.23706054688,49715.53125,1.59112596511841,292.444298325298,0,4.64881944656372,8052.06379256723
4.31,638.429487118922,3931.06103515625,49399.16015625,1.57850134372711,290.583290936413,0,4.65487241744995,8022.73987718763
4.32,636.102620266473,3906.025390625,49084.55078125,1.56597745418549,288.732662315916,0,4.6609091758728,7993.49961203276
4.33,633.782590566852,3881.13159179688,48771.7265625,1.5535546541214,286.892518354005,0,4.66692924499512,7964.34526505639
4.34,631.469210945644,3856.37719726563,48460.65625,1.54123103618622,285.06267443151,0,4.67293310165405,7935.27448541259
4.35,629.162661835047,3831.76342773438,48151.34765625,1.52900683879852,283.243228339469,0,4.67892026901245,7906.28954047876
4.36,626.862756242515,3807.28784179688,47843.78125,1.51688039302826,281.433996062187,0,4.68489122390747,7877.38808043774
4.37,624.569674554729,3782.95166015625,47537.9609375,1.50485169887543,279.635075026683,0,4.69084548950195,7848.57237209496
4.38,622.28322986066,3758.75268554688,47233.87109375,1.49291908740997,277.846289551295,0,4.69678354263306,7819.84006665765
4.39,620.003418943113,3734.69018554688,46931.4921875,1.48108184337616,276.067593103771,0,4.70270538330078,7791.19112369733
4.4,617.730238593674,3710.76342773438,46630.8203125,1.46933925151825,274.298939209521,0,4.70861101150513,7762.6255028959
4.41,615.463685612713,3686.97241210938,46331.8515625,1.45769059658051,272.540304650757,0,4.71450042724609,7734.14316404565
4.42,613.203756809385,3663.31591796875,46034.57421875,1.44613492488861,270.791627601917,0,4.72037363052368,7705.74406704924
4.43,610.950449001628,3639.7939453125,45738.98828125,1.43467175960541,269.052884960275,0,4.72623062133789,7677.42817191969
4.44,608.703759016164,3616.40576171875,45445.0859375,1.42330014705658,267.324030481361,0,4.73207139968872,7649.19543878044
4.45,606.4636836885,3593.15063476563,45152.8515625,1.41201961040497,265.60501797811,0,4.73789596557617,7621.04582786529
4.46,604.230219862924,3570.0283203125,44862.2890625,1.40082919597626,263.895816786945,0,4.74370431900024,7592.97929951841
4.47,602.003181082343,3547.0361328125,44573.36328125,1.38972747325897,262.196239132086,0,4.7494969367981,7564.99351065136
4.48,599.782747580143,3524.17553710938,44286.0859375,1.3787145614624,260.506388903263,0,4.75527334213257,7537.09072614319
4.49,597.568732977823,3501.44409179688,44000.43359375,1.36778891086578,258.826086638443,0,4.76103401184082,7509.26860389306
4.5,595.361317464457,3478.84326171875,43716.42578125,1.3569507598877,257.155435869922,0,4.76677846908569,7481.52940822319
4.51,593.160314739793,3456.37036132813,43434.0234375,1.34619843959808,255.494249980876,0,4.77250719070435,7453.87079801606
4.52,590.965721791337,3434.025390625,43153.2265625,1.3355313539505,253.842507076561,0,4.77822017669678,7426.29273541556
4.53,588.777718742204,3411.80908203125,42874.046875,1.32494974136353,252.200286956896,0,4.78391695022583,7398.79748391503
4.54,586.596119408758,3389.71948242188,42596.4609375,1.31445205211639,250.567427066352,0,4.78959798812866,7371.3827038624
4.55,584.420920803581,3367.755859375,42320.4609375,1.30403757095337,248.943882473592,0,4.79526329040527,7344.04835771665
4.56,582.252119947525,3345.91796875,42046.03515625,1.293705701828,247.329623766974,0,4.80091285705566,7316.79440804074
4.57,580.089713869721,3324.20483398438,41773.1796875,1.28345584869385,245.724598389185,0,4.80654668807983,7289.62081750162
4.58,577.933699607573,3302.61645507813,41501.89453125,1.27328729629517,244.128784768657,0,4.81216478347778,7262.52754887022
4.59,575.784074206759,3281.15185546875,41232.16015625,1.26319944858551,242.542130454993,0,4.81776714324951,7235.51456502144
4.6,573.640834721234,3259.81103515625,40963.984375,1.25319182872772,240.96461398346,0,4.82335376739502,7208.5818289342
4.61,571.503795324956,3238.59106445313,40697.328125,1.24326276779175,239.396044536187,0,4.82892513275146,7181.72700545008
4.62,569.373136035715,3217.49389648438,40432.2109375,1.23341250419617,237.836539682466,0,4.83448076248169,7154.95235673886
4.63,567.248671102707,3196.5166015625,40168.60546875,1.22363972663879,236.285909162,0,4.84002113342285,7128.25554858759
4.64,565.130580500753,3175.6611328125,39906.52734375,1.21394467353821,234.744270194187,0,4.84554576873779,7101.63884262608
4.65,563.018678553956,3154.92456054688,39645.94140625,1.20432579517365,233.211433074004,0,4.85105514526367,7075.09990558272
4.66,560.913145194496,3134.30883789063,39386.87890625,1.19478356838226,231.687514672938,0,4.85654878616333,7048.64099855147
4.67,558.813794821057,3113.81103515625,39129.296875,1.18531620502472,230.172325838938,0,4.86202716827393,7022.2597891979
4.68,556.720624640087,3093.43115234375,38873.1953125,1.17592358589172,228.665846198163,0,4.86749029159546,6995.9562424172
4.69,554.633814520295,3073.17016601563,38618.5859375,1.16660559177399,227.168161170887,0,4.87293767929077,6969.73261850578
4.7,552.553178971498,3053.02612304688,38365.44921875,1.15736103057861,225.679113361694,0,4.87836980819702,6943.58658652571
4.71,550.478715223726,3032.99829101563,38113.7734375,1.14818930625916,224.198659348489,0,4.88378667831421,6917.51811166855
4.72,548.410420514794,3013.08618164063,37863.55078125,1.13908982276917,222.726763491958,0,4.88918828964233,6891.52715922365
4.73,546.348292090294,2993.28955078125,37614.77734375,1.13006210327148,221.263397935532,0,4.8945746421814,6865.61369457812
4.74,544.292327203601,2973.60766601563,37367.44921875,1.12110555171967,219.808519406154,0,4.8999457359314,6839.77768321686
4.75,542.242340633295,2954.03857421875,37121.53515625,1.11221897602081,218.36197252897,0,4.90530204772949,6814.01679757934
4.76,540.198512187625,2934.58325195313,36877.0546875,1.10340237617493,216.923842185957,0,4.91064310073853,6788.33329720219
4.77,538.160839143067,2915.24145507813,36633.99609375,1.09465539455414,215.494100717332,0,4.9159688949585,6762.72714786058
4.78,536.129136386167,2896.01098632813,36392.33984375,1.08597683906555,214.072585818158,0,4.92127990722656,6737.19602335076
4.79,534.103583662924,2876.89306640625,36152.09765625,1.07736670970917,212.65938959135,0,4.92657566070557,6711.7421824271
4.8,532.083995931386,2857.88525390625,35913.23828125,1.06882393360138,211.254342530944,0,4.93185663223267,6686.3632997843
4.81,530.07055289637,2838.9892578125,35675.78515625,1.06034862995148,209.857551866475,0,4.9371223449707,6661.06163365925
4.82,528.063069587102,2820.20263671875,35439.703125,1.05193960666656,208.468848621821,0,4.94237327575684,6635.83485964113
4.83,526.061543409685,2801.52490234375,35204.9921875,1.0435962677002,207.088198344125,0,4.94760942459106,6610.68294513408
4.84,524.066154007644,2782.95751953125,34971.66796875,1.03531908988953,205.715700023445,0,4.95283031463623,6585.60814760473
4.85,522.07671651626,2764.49829101563,34739.703125,1.02710664272308,204.351193206608,0,4.95803642272949,6560.608143975
4.86,520.093228363776,2746.146484375,34509.0859375,1.018958568573,202.994635847746,0,4.96322774887085,6535.68290192725
4.87,518.115686985741,2727.90209960938,34279.8203125,1.01087427139282,201.646009146306,0,4.9684042930603,6510.83238923563
4.88,516.144089825004,2709.76440429688,34051.8984375,1.0028532743454,200.305271148621,0,4.97356605529785,6486.05657376606
4.89,514.178434331717,2691.73291015625,33825.3046875,0.994895219802856,198.972387680147,0,4.9787130355835,6461.35542347619
4.9,512.218717963334,2673.80712890625,33600.04296875,0.98699951171875,197.647324612368,0,4.98384523391724,6436.72890641546
4.91,510.264756146415,2655.9853515625,33376.08984375,0.979165077209473,196.329939156242,0,4.98896312713623,6412.17470316611
4.92,508.316728445423,2638.2685546875,33153.453125,0.971392154693604,195.020314136759,0,4.99406623840332,6387.69507020126
4.93,506.374632339484,2620.65625,32932.12890625,0.96368020772934,193.71841556179,0,4.99915456771851,6363.28997584265
4.94,504.438283357913,2603.146484375,32712.09765625,0.95602822303772,192.424093676973,0,5.00422859191895,6338.95710196382
4.95,502.507861005294,2585.740234375,32493.36328125,0.948436260223389,191.137430809063,0,5.00928783416748,6314.69870428538
4.96,500.583180878982,2568.43579101563,32275.91015625,0.94090336561203,189.858285445453,0,5.01433277130127,6290.51246553585
4.97,498.664422443949,2551.23388671875,32059.744140625,0.933429718017578,188.586731849543,0,5.01936292648315,6266.40064093812
4.98,496.75140136528,2534.13305664063,31844.84765625,0.926014184951782,187.322636748377,0,5.02437877655029,6242.36091407181
4.99,494.844115245136,2517.13232421875,31631.2109375,0.918656349182129,186.065951578173,0,5.02938032150269,6218.39325480478
5,492.942743489531,2500.2333984375,31418.853515625,0.911356449127197,184.816781041959,0,5.03436708450317,6194.49991761906
5.01,491.047101864457,2483.43383789063,31207.744140625,0.904113411903381,183.574961689724,0,5.03933954238892,6170.67858736225
5.02,489.157187992814,2466.7333984375,30997.87890625,0.896926820278168,182.340468286568,0,5.04429769515991,6146.92923416289
5.03,487.272999504345,2450.13159179688,30789.255859375,0.889796257019043,181.113267907217,0,5.04924154281616,6123.25182823541
5.04,485.394534035627,2433.62817382813,30581.8671875,0.882721245288849,179.893335402124,0,5.05417108535767,6099.64633988022
5.05,483.52178923008,2417.22241210938,30375.70703125,0.875701487064362,178.680630198257,0,5.05908632278442,6076.11273948363
5.06,481.654581098274,2400.91284179688,30170.75390625,0.86873584985733,177.475021637309,0,5.06398773193359,6052.64871496676
5.07,479.793088988905,2384.69995117188,29967.017578125,0.861824572086334,176.27657523261,0,5.06887483596802,6029.25652009133
5.08,477.93731056568,2368.583984375,29764.498046875,0.854967296123505,175.085281469707,0,5.0737476348877,6005.93612549863
5.09,476.087243499143,2352.56420898438,29563.1875,0.848163664340973,173.901099944433,0,5.07860612869263,5982.68750191584
5.1,474.242703930373,2336.63842773438,29363.05859375,0.841412603855133,172.72387777943,0,5.08345079421997,5959.50833890411
5.11,472.403871131208,2320.80834960938,29164.130859375,0.834714353084564,171.553718506795,0,5.08828115463257,5936.40088925934
5.12,470.570561307418,2305.07177734375,28966.380859375,0.828067898750305,170.390469735478,0,5.09309768676758,5913.36284335557
5.13,468.74295369275,2289.4296875,28769.81640625,0.82147353887558,169.23421147715,0,5.09789991378784,5890.39645351005
5.14,466.920864557365,2273.88037109375,28574.41796875,0.814930200576782,168.08480729119,0,5.10268831253052,5867.499410906
5.15,465.104291688459,2258.42333984375,28380.1796875,0.808437526226044,166.942225357523,0,5.10746288299561,5844.67168773652
5.16,463.293232879618,2243.05810546875,28187.09375,0.80199521780014,165.806433895593,0,5.11222362518311,5821.91325627498
5.17,461.487867289077,2227.7861328125,27995.1796875,0.795603454113007,164.677527744813,0,5.11697006225586,5799.22636788971
5.18,459.688011314666,2212.60498046875,27804.408203125,0.789261281490326,163.55534822654,0,5.12170267105103,5776.60871536826
5.19,457.893662769362,2197.51489257813,27614.78125,0.78296834230423,162.439886879267,0,5.1264214515686,5754.0602712277
5.2,456.104819472532,2182.51513671875,27426.2890625,0.776724338531494,161.33110434866,0,5.13112640380859,5731.58100806541
5.21,454.321479249936,2167.60522460938,27238.92578125,0.770528793334961,160.228969052874,0,5.135817527771,5709.17089855906
5.22,452.54363993372,2152.78491210938,27052.6875,0.764381408691406,159.133457182537,0,5.14049482345581,5686.82991546662
5.23,450.771118153894,2138.05249023438,26867.5546875,0.758281230926514,158.044435035904,0,5.1451587677002,5664.55575449331
5.24,449.004093013313,2123.40869140625,26683.53515625,0.752228558063507,156.961973738884,0,5.14980888366699,5642.35066631153
5.25,447.242562363078,2108.853515625,26500.62890625,0.746223032474518,155.886057331858,0,5.1544451713562,5620.21462391739
5.26,445.486342926028,2094.38500976563,26318.8125,0.740263760089874,154.816545081634,0,5.15906810760498,5598.14532418267
5.27,443.735613749654,2080.00415039063,26138.09765625,0.734350860118866,153.753515375992,0,5.16367721557617,5576.14501708401
5.28,441.99019161825,2065.70922851563,25958.462890625,0.728483557701111,152.696835679669,0,5.16827297210693,5554.21140026544
5.29,440.250255542683,2051.50122070313,25779.919921875,0.722662091255188,151.646584068101,0,5.17285490036011,5532.34672324339
5.3,438.515622368412,2037.37841796875,25602.447265625,0.716885507106781,150.602628468964,0,5.17742347717285,5510.5486844305
5.31,436.786471069974,2023.341796875,25426.056640625,0.711154043674469,149.565046647147,0,5.18197822570801,5488.81953288664
5.32,435.062618553702,2009.3896484375,25250.73046875,0.705466866493225,148.533706991349,0,5.18651962280273,5467.15696778944
5.33,433.344062793304,1995.52160644531,25076.458984375,0.699823617935181,147.508582826152,0,5.19104766845703,5445.56096367577
5.34,431.630801768445,1981.7373046875,24903.240234375,0.694223999977112,146.489647512562,0,5.1955623626709,5424.03149515733
5.35,429.922833464747,1968.03625488281,24731.068359375,0.688667714595795,145.476870581465,0,5.20006370544434,5402.56853692072
5.36,428.220155873788,1954.41833496094,24559.939453125,0.683154404163361,144.470233199744,0,5.20455169677734,5381.17206372738
5.37,426.522766993104,1940.88293457031,24389.849609375,0.67768383026123,143.469701104534,0,5.20902633666992,5359.8420504136
5.38,424.83066482619,1927.42993164063,24220.79296875,0.672255635261536,142.475255535476,0,5.21348762512207,5338.57847189055
5.39,423.143847382494,1914.05871582031,24052.765625,0.666869521141052,141.486862302434,0,5.21793556213379,5317.38130314426
5.4,421.462312677425,1900.76928710938,23885.765625,0.661525249481201,140.504506584287,0,5.22237014770508,5296.25051923559
5.41,419.785877957428,1887.5595703125,23719.767578125,0.656221866607666,139.528047779372,0,5.2267918586731,5275.18382361613
5.42,418.114722071573,1874.43078613281,23554.787109375,0.65095978975296,138.557570264742,0,5.23120021820068,5254.18346376911
5.43,416.448843052928,1861.38256835938,23390.818359375,0.645738542079926,137.593047727272,0,5.23559522628784,5233.24941497734
5.44,414.788058235632,1848.4130859375,23227.83984375,0.640557408332825,136.634347966165,0,5.23997735977173,5212.37938179439
5.45,413.132546415959,1835.52355957031,23065.865234375,0.635416626930237,135.68155490306,0,5.24434614181519,5191.57561104003
5.46,411.482124986094,1822.71203613281,22904.87109375,0.630315363407135,134.73453291307,0,5.24870204925537,5170.83580799725
5.47,409.836972707389,1809.97985839844,22744.873046875,0.625253915786743,133.793369482499,0,5.25304460525513,5150.162219047
5.48,408.196907029795,1797.32507324219,22585.84765625,0.62023138999939,132.85792942707,0,5.25737428665161,5129.55255019819
5.49,406.561926090477,1784.74731445313,22427.791015625,0.615247547626495,131.928187200707,0,5.26169109344482,5109.00677804173
5.5,404.93202803214,1772.24645996094,22270.701171875,0.610302150249481,131.004125023946,0,5.26599502563477,5088.52487923819
5.51,403.307211003028,1759.82202148438,22114.5703125,0.605394899845123,130.085713551263,0,5.27028608322144,5068.10683051769
5.52,401.68765367809,1747.47509765625,21959.416015625,0.600526034832001,129.173031786823,0,5.27456378936768,5047.75487717543
5.53,400.073173650172,1735.20397949219,21805.2109375,0.595694839954376,128.265953370984,0,5.27882862091064,5027.46672701597
5.54,398.463769084341,1723.00842285156,21651.95703125,0.590900957584381,127.364456793161,0,5.28308057785034,5007.24235698086
5.55,396.85925769779,1710.88659667969,21499.630859375,0.586143612861633,126.468412805669,0,5.28732013702393,4987.07947643727
5.56,395.259818164976,1698.83947753906,21348.2421875,0.581423103809357,125.577896497887,0,5.29154682159424,4966.98033067418
5.57,393.665448667378,1686.86706542969,21197.79296875,0.576739251613617,124.69289419146,0,5.29576063156128,4946.94489683938
5.58,392.076147392015,1674.96875,21048.2734375,0.572091639041901,123.813372908838,0,5.29996156692505,4926.9731521503
5.59,390.491912531443,1663.14428710938,20899.68359375,0.567480146884918,122.939311305546,0,5.30414962768555,4907.06507389393
5.6,388.912561941922,1651.39196777344,20752,0.562903881072998,122.070585067061,0,5.30832529067993,4887.21837318499
5.61,387.338274213147,1639.71301269531,20605.236328125,0.558363258838654,121.207276276922,0,5.31248807907104,4867.43529424732
5.62,385.768867256407,1628.10559082031,20459.373046875,0.553857445716858,120.349257176847,0,5.31663846969604,4847.71354888716
5.63,384.204519627844,1616.57067871094,20314.421875,0.54938668012619,119.496601823959,0,5.32077598571777,4828.05538090671
5.64,382.64504929351,1605.10681152344,20170.36328125,0.544950246810913,118.649194480593,0,5.32490110397339,4808.45850280039
5.65,381.090454544316,1593.71362304688,20027.19140625,0.540547907352448,117.807010665002,0,5.32901382446289,4788.92289309115
5.66,379.54091388648,1582.39208984375,19884.921875,0.536179959774017,116.970123996818,0,5.33311367034912,4769.45079495382
5.67,377.996245367593,1571.14050292969,19743.529296875,0.531845569610596,116.13841163292,0,5.33720111846924,4750.03992190747
5.68,376.456447294174,1559.95874023438,19603.015625,0.527544617652893,115.311856918373,0,5.34127616882324,4730.6902526712
5.69,374.92151797788,1548.84643554688,19463.375,0.523276805877686,114.490435495989,0,5.34533882141113,4711.40176602866
5.7,373.391455735502,1537.80322265625,19324.6015625,0.519041895866394,113.674123039389,0,5.34938907623291,4692.17444082803
5.71,371.866258888969,1526.82873535156,19186.69140625,0.514839708805084,112.862895252998,0,5.35342693328857,4673.00825598206
5.72,370.345925765348,1515.92297363281,19049.646484375,0.510670065879822,112.056739471635,0,5.35745239257813,4653.90319046804
5.73,368.830454696839,1505.08532714844,18913.45703125,0.506532609462738,111.255623728251,0,5.36146545410156,4634.85922332781
5.74,367.319844020782,1494.31567382813,18778.12109375,0.502427160739899,110.459531552715,0,5.36546611785889,4615.87633366775
5.75,365.814092079651,1483.61352539063,18643.6328125,0.498353570699692,109.668434906086,0,5.3694543838501,4596.95450065878
5.76,364.31301722504,1472.9775390625,18509.978515625,0.494311064481735,108.882224919053,0,5.37343072891235,4578.09144164019
5.77,362.816797847824,1462.40869140625,18377.166015625,0.490299969911575,108.100974152053,0,5.3773946762085,4559.28939833736
5.78,361.325432305689,1451.90649414063,18245.19140625,0.486320018768311,107.324654657202,0,5.38134622573853,4540.54835011237
5.79,359.838739028411,1441.46948242188,18114.03515625,0.482370555400848,106.553154304489,0,5.3852858543396,4521.86601528698
5.8,358.356896358718,1431.09875488281,17983.712890625,0.478451818227768,105.786549094633,0,5.38921308517456,4503.24463498151
5.81,356.879722778116,1420.79260253906,17854.203125,0.474563151597977,105.024719565919,0,5.39312839508057,4484.68192816779
5.82,355.407396597493,1410.55200195313,17725.515625,0.470704793930054,104.26773757002,0,5.39703130722046,4466.18013556605
5.83,353.939736349832,1400.37548828125,17597.6328125,0.466876089572906,103.515491777978,0,5.4009222984314,4447.73697679497
5.84,352.476740485049,1390.2626953125,17470.552734375,0.463076829910278,102.76795879776,0,5.40480136871338,4429.35243237563
5.85,351.018407457811,1380.21350097656,17344.271484375,0.459306806325912,102.025122998657,0,5.40866851806641,4411.0264828888
5.86,349.564915515902,1370.22875976563,17218.798828125,0.45556628704071,101.287051804471,0,5.41252326965332,4392.76136826173
5.87,348.11608329429,1360.30688476563,17094.1171875,0.45185461640358,100.553630812868,0,5.41636610031128,4374.55480939469
5.88,346.671909262078,1350.44775390625,16970.22265625,0.448171615600586,99.8248444791295,0,5.42019701004028,4356.40678704989
5.89,345.23239189312,1340.65100097656,16847.11328125,0.444517076015472,99.1006695537233,0,5.42401599884033,4338.31728204917
5.9,343.797529666017,1330.91638183594,16724.78515625,0.440890789031982,98.3810866819022,0,5.42782306671143,4320.28627527408
5.91,342.367321064118,1321.24353027344,16603.232421875,0.437292546033859,97.6660726706359,0,5.43161821365356,4302.31374766586
5.92,340.941584908676,1311.63110351563,16482.439453125,0.433721750974655,96.9555223299738,0,5.43540191650391,4284.39742246567
5.93,339.520499399454,1302.07983398438,16362.4140625,0.430178642272949,96.2494987459419,0,5.43917369842529,4266.53953899731
5.94,338.104063033857,1292.58972167969,16243.158203125,0.426663041114807,95.5479904086293,0,5.44293355941772,4248.74007837865
5.95,336.692274314044,1283.16040039063,16124.666015625,0.423174768686295,94.8509742367744,0,5.4466814994812,4230.99902178722
5.96,335.284952159833,1273.79028320313,16006.9169921875,0.419713199138641,94.1583380784408,0,5.45041799545288,4213.31409370286
5.97,333.88227470953,1264.48046875,15889.9267578125,0.416278570890427,93.4701560684728,0,5.45414257049561,4195.68753267705
5.98,332.484060931769,1255.22937011719,15773.673828125,0.41287025809288,92.7863164374511,0,5.45785570144653,4178.11706380304
5.99,331.09048893441,1246.03796386719,15658.171875,0.409488558769226,92.1068891801103,0,5.46155691146851,4160.60492524972
6,329.701377734653,1236.90478515625,15543.400390625,0.406132817268372,91.4317667744816,0,5.46524667739868,4143.14884272065
6.01,328.316905410157,1227.83068847656,15429.3720703125,0.402803301811218,90.7610150767938,0,5.4689245223999,4125.75105400523
6.02,326.936891026444,1218.814453125,15316.0712890625,0.399499446153641,90.0945346774622,0,5.47259092330933,4108.40928541419
6.03,325.561333181325,1209.85559082031,15203.490234375,0.396221041679382,89.4322993352596,0,5.47624588012695,4091.12351932715
6.04,324.190230476992,1200.95397949219,15091.6298828125,0.392967909574509,88.7742944344087,0,5.47988939285278,4073.8937381787
6.05,322.823581520011,1192.109375,14980.4853515625,0.389739871025085,88.1205015184511,0,5.48352146148682,4056.71992445846
6.06,321.461564313343,1183.32263183594,14870.0673828125,0.386537253856659,87.4709857688591,0,5.48714160919189,4039.60431501714
6.07,320.103998041952,1174.59228515625,14760.359375,0.383359372615814,86.8256409825616,0,5.49075031280518,4022.54463766644
6.08,318.750881325715,1165.91821289063,14651.357421875,0.380206108093262,86.1844526483744,0,5.49434757232666,4005.54087506326
6.09,317.40221278889,1157.29992675781,14543.056640625,0.377077281475067,85.5473946813733,0,5.49793338775635,3988.59300991949
